,"id","label","Hermes probability","Length","Hits","Reads","Hits_600_bp_upstream","Hits_600_bp_downstream","Neighborhood Index","Freedom Index","target_per_bp","600_up_target_per_bp","600_down_target_per_bp"
0,"CAGL0A00451g",0,0.005,6884,244,10785,23,8,0.252,0.067,0.0972,0.095,0.11
1,"CAGL0A00583g",0,0,2352,46,1289,19,3,0.121,0.072,0.1033,0.1083,0.0983
2,"CAGL0A01133g",0,0,2753,36,1174,20,7,0.099,0.129,0.0835,0.0583,0.09
3,"CAGL0A01452g",0,0.295,3261,39,3368,12,7,0.138,0.772,0.0994,0.0983,0.11
4,"CAGL0A01584g",0,0.015,258,8,110,33,4,0.311,0.353,0.0969,0.1283,0.1
5,"CAGL0A01628g",0,0,1569,104,11266,42,43,0.561,0.129,0.0727,0.0817,0.0667
6,"CAGL0A01892g",0,0,267,14,638,6,0,1.886,0.258,0.0974,0.1083,0.0767
7,"CAGL0A02299g",0,0.19,1767,29,1272,16,5,0.296,0.496,0.103,0.1033,0.0733
8,"CAGL0A02431g",0,0.14,2024,14,397,13,19,0.099,0.41,0.0455,0.0567,0.0667
9,"CAGL0A02486g",0,0.015,2833,15,482,9,1,0.108,0.279,0.0713,0.065,0.0833
10,"CAGL0A03322g",0,0,2676,45,3249,4,12,0.266,0.184,0.0949,0.0967,0.0917
11,"CAGL0A03410g",0,0.155,927,5,189,4,8,0.09,0.547,0.1046,0.0833,0.1117
12,"CAGL0A03476g",0,0,1698,26,1522,4,44,0.249,0.218,0.0907,0.1267,0.105
13,"CAGL0A03586g",0,0.305,570,1,49,1,2,0.028,0.67,0.1,0.0933,0.1233
14,"CAGL0A03696g",0,0,2064,26,1119,23,1,0.335,0.188,0.0911,0.0817,0.0967
15,"CAGL0A04081g",0,0.005,1224,15,411,20,11,0.3,0.238,0.0515,0.0883,0.0483
16,"CAGL0A04235g",0,0.09,2309,6,85,13,1,0.038,0.375,0.0961,0.105,0.105
17,"CAGL0A04411g",0,0.01,2591,25,833,16,24,0.125,0.156,0.0907,0.1017,0.075
18,"CAGL0A04455g",0,0.005,3696,27,1489,11,20,0.093,0.144,0.085,0.085,0.0783
19,"CAGL0A04587g",0,0,1842,24,447,11,8,0.25,0.254,0.0934,0.0983,0.0817
20,"CAGL0A04785g",0,0.015,3564,82,4033,0,12,0.382,0.17,0.0887,0.1067,0.0933
21,"CAGL0B00440g",0,0.275,1340,2,79,0,9,0.026,0.61,0.1037,0.1,0.1333
22,"CAGL0B00462g",0,0.02,1083,8,234,6,14,0.127,0.276,0.109,0.1383,0.1
23,"CAGL0B00528g",0,0.01,4180,28,898,38,1,0.093,0.185,0.0978,0.085,0.0933
24,"CAGL0B00572g",0,0,609,21,1049,14,18,0.515,0.23,0.0788,0.0833,0.0683
25,"CAGL0B00858g",0,0.015,1967,19,1102,16,0,0.165,0.299,0.0986,0.0833,0.0867
26,"CAGL0B00968g",0,0.015,1239,14,481,2,8,0.135,0.462,0.0952,0.1183,0.1017
27,"CAGL0B01188g",0,0.005,2433,27,1070,1,3,0.289,0.165,0.0945,0.085,0.0583
28,"CAGL0B01441g",0,0.175,1548,5,37,6,2,0.17,0.665,0.0652,0.0717,0.065
29,"CAGL0B01969g",0,0,1610,49,1473,6,7,0.78,0.155,0.1012,0.1,0.1033
30,"CAGL0B01991g",0,0.005,1368,10,128,3,5,0.227,0.26,0.1075,0.0967,0.0983
31,"CAGL0B02211g",0,0.145,7247,12,185,0,0,0.036,0.388,0.1018,0.1117,0.0667
32,"CAGL0B02475g",0,0.01,2172,54,6395,23,6,0.29,0.15,0.075,0.0583,0.07
33,"CAGL0B02651g",0,0.01,1426,85,7681,5,15,0.698,0.104,0.1017,0.1067,0.11
34,"CAGL0B03223g",0,0.01,700,8,156,19,30,0.209,0.343,0.1,0.1167,0.1033
35,"CAGL0B03355g",0,0.155,854,2,15,5,5,0.061,0.481,0.0796,0.0817,0.0867
36,"CAGL0B03421g",0,0,5631,123,7181,8,13,0.332,0.087,0.095,0.1217,0.1
37,"CAGL0B03575g",0,0.03,1346,8,196,1,11,0.053,0.207,0.0847,0.1133,0.0833
38,"CAGL0B04059g",0,0,1235,14,793,13,42,0.128,0.256,0.0826,0.0767,0.0733
39,"CAGL0B04147g",0,0.005,2336,32,677,3,1,0.151,0.193,0.0903,0.0883,0.1083
40,"CAGL0B04389g",0,0.005,4324,68,3246,28,14,0.123,0.078,0.0907,0.0933,0.115
41,"CAGL0B04521g",0,0.215,1929,20,488,27,62,0.055,0.551,0.0798,0.065,0.0817
42,"CAGL0B04565g",0,0.015,1559,65,2065,25,128,0.178,0.074,0.0783,0.1,0.0717
43,"CAGL0B04631g",0,0,4059,193,9669,2,45,0.172,0.055,0.0995,0.0883,0.1183
44,"CAGL0B04895g",0,0.05,6893,386,23250,59,7,0.258,0.042,0.1047,0.1,0.13
45,"CAGL0C00297g",0,0.2,2783,11,145,22,4,0.092,0.75,0.1017,0.1,0.1233
46,"CAGL0C00583g",0,0.06,1519,6,160,9,16,0.07,0.477,0.0902,0.1033,0.1017
47,"CAGL0C00693g",0,0.025,1864,14,445,19,5,0.19,0.32,0.0826,0.0533,0.105
48,"CAGL0C00781g",0,0.01,783,8,283,33,0,0.384,0.447,0.0575,0.1,0.09
49,"CAGL0C01463g",0,0.21,2363,8,253,5,4,0.058,0.514,0.1003,0.115,0.115
50,"CAGL0C01485g",0,0.005,1845,25,2068,3,12,0.237,0.25,0.0656,0.105,0.0733
51,"CAGL0C01551g",0,0.005,1868,20,396,5,31,0.203,0.209,0.0701,0.1,0.0433
52,"CAGL0C02211g",0,0.065,2266,31,1293,16,15,0.231,0.323,0.094,0.1267,0.1083
53,"CAGL0C02277g",0,0.01,3139,17,392,8,3,0.072,0.248,0.0889,0.1017,0.085
54,"CAGL0C02343g",0,0.23,3528,99,8359,17,33,0.373,0.617,0.0726,0.1133,0.0767
55,"CAGL0C02365g",0,0.085,183,7,211,6,48,0.651,0.59,0.0492,0.0883,0.0817
56,"CAGL0C02519g",0,0,2439,87,4888,32,4,0.453,0.135,0.0599,0.085,0.065
57,"CAGL0C02717g",0,0.275,1203,4,75,3,4,0.055,0.745,0.0756,0.0983,0.08
58,"CAGL0C02739g",0,0.155,755,3,318,5,8,0.067,0.603,0.0755,0.0817,0.1
59,"CAGL0C02761g",0,0.015,760,15,779,2,32,0.33,0.159,0.0987,0.075,0.1083
60,"CAGL0C03311g",0,0.05,740,25,708,8,35,0.45,0.345,0.0784,0.1183,0.0617
61,"CAGL0C03333g",0,0,2492,41,1941,43,7,0.198,0.124,0.0915,0.0667,0.085
62,"CAGL0C03399g",0,0,1656,22,697,31,12,0.193,0.177,0.0815,0.09,0.095
63,"CAGL0C03608g",0,0.01,2365,32,902,17,3,0.192,0.211,0.0655,0.0417,0.0817
64,"CAGL0C03872g",0,0.04,1021,9,305,49,22,0.075,0.324,0.0676,0.0983,0.095
65,"CAGL0C04048g",0,0,2127,37,581,25,115,0.148,0.098,0.094,0.0983,0.0833
66,"CAGL0C05335g",0,0.005,1243,35,1544,12,18,0.459,0.156,0.0603,0.1017,0.0867
67,"CAGL0C05357g",0,0.01,1731,30,476,30,6,0.266,0.133,0.1051,0.0633,0.0883
68,"CAGL0C05401g",0,0.21,264,1,49,8,0,0.066,0.625,0.1136,0.1033,0.1083
69,"CAGL0C05599g",0,0.025,3189,25,454,4,21,0.175,0.161,0.1176,0.1267,0.0967
70,"CAGL0D00242g",0,0.095,1279,8,72,7,2,0.071,0.342,0.1149,0.1067,0.1233
71,"CAGL0D00396g",0,0.04,243,8,312,35,8,0.4,0.407,0.0947,0.085,0.1183
72,"CAGL0D00462g",0,0.005,2972,24,1202,21,28,0.081,0.135,0.0912,0.1067,0.08
73,"CAGL0D00682g",0,0.015,2459,22,1022,1,11,0.148,0.305,0.0854,0.1117,0.0583
74,"CAGL0D01012g",0,0.045,4704,11,219,5,35,0.063,0.292,0.0912,0.1117,0.09
75,"CAGL0D01210g",0,0,1123,17,885,31,0,0.295,0.301,0.0926,0.1,0.09
76,"CAGL0D01364g",0,0.01,3817,28,3557,30,1,0.177,0.146,0.0665,0.0967,0.11
77,"CAGL0D01430g",0,0.005,1628,10,409,0,0,0.172,0.29,0.0891,0.1017,0.0933
78,"CAGL0D01694g",0,0.175,1871,8,270,5,9,0.157,0.603,0.1042,0.1167,0.1167
79,"CAGL0D01892g",0,0.005,1510,13,279,38,5,0.223,0.227,0.0815,0.08,0.1
80,"CAGL0D01936g",0,0.01,1498,9,120,0,30,0.151,0.244,0.0748,0.09,0.0767
81,"CAGL0D02244g",0,0.07,1464,7,256,12,2,0.228,0.359,0.0929,0.1133,0.0717
82,"CAGL0D02442g",0,0.17,1612,3,23,5,18,0.087,0.501,0.0788,0.105,0.0717
83,"CAGL0D02486g",0,0.01,3073,9,202,7,17,0.082,0.255,0.108,0.1233,0.1217
84,"CAGL0D02530g",0,0.005,5014,65,2506,13,9,0.288,0.106,0.1019,0.1117,0.1133
85,"CAGL0D02794g",0,0.03,2104,13,641,14,3,0.236,0.324,0.0684,0.0683,0.1033
86,"CAGL0D02882g",0,0.01,2360,17,408,1,17,0.305,0.221,0.1,0.11,0.12
87,"CAGL0D02926g",0,0.005,2053,29,812,3,0,0.579,0.18,0.036,0.0917,0.0667
88,"CAGL0D03146g",0,0.025,899,5,242,0,0,0.312,0.406,0.0768,0.085,0.0867
89,"CAGL0D03256g",0,0,2023,17,264,9,7,0.207,0.165,0.0924,0.0917,0.0967
90,"CAGL0D03608g",0,0.01,1988,10,330,12,2,0.132,0.312,0.0961,0.1283,0.1083
91,"CAGL0D03674g",0,0,6550,29,560,6,1,0.122,0.203,0.0927,0.0917,0.0817
92,"CAGL0D03850g",0,0.26,2903,11,178,3,5,0.089,0.565,0.0961,0.0917,0.0817
93,"CAGL0D04840g",0,0.005,1263,26,732,4,2,0.318,0.203,0.0673,0.0683,0.08
94,"CAGL0D05104g",0,0.02,1013,14,789,6,34,0.147,0.313,0.0879,0.0983,0.0967
95,"CAGL0D05170g",0,0.005,2126,52,2219,61,82,0.256,0.095,0.0884,0.1017,0.1033
96,"CAGL0D05434g",0,0,1300,23,693,37,17,0.137,0.206,0.0754,0.0767,0.0933
97,"CAGL0D05654g",0,0,960,59,2208,95,8,0.547,0.141,0.0927,0.105,0.1083
98,"CAGL0D06204g",0,0,2657,37,1271,0,26,0.137,0.129,0.0911,0.1,0.0817
99,"CAGL0D06424g",0,0.22,4295,111,5369,20,21,0.245,0.494,0.0768,0.055,0.0683
100,"CAGL0D06512g",0,0.01,4836,80,1994,9,56,0.172,0.085,0.1022,0.0883,0.065
101,"CAGL0D06534g",0,0,315,26,1541,45,46,0.942,0.206,0.0635,0.0883,0.0583
102,"CAGL0D06622g",0,0.015,3980,32,656,13,45,0.058,0.123,0.104,0.125,0.11
103,"CAGL0D06666g",0,0,201,26,1526,21,86,1.544,0.209,0.0896,0.1067,0.0767
104,"CAGL0E00341g",0,0.005,523,8,145,4,5,0.49,0.379,0.1033,0.11,0.105
105,"CAGL0E00385g",0,0.01,2144,14,283,10,6,0.213,0.329,0.0919,0.0883,0.0983
106,"CAGL0E00561g",0,0.115,2923,5,46,9,10,0.051,0.319,0.0828,0.0783,0.085
107,"CAGL0E00627g",0,0.035,4520,21,386,12,7,0.112,0.127,0.0923,0.065,0.125
108,"CAGL0E01331g",0,0.02,3413,58,4512,37,8,0.261,0.292,0.063,0.0817,0.085
109,"CAGL0E01353g",0,0.295,2545,8,439,17,0,0.047,0.796,0.0821,0.065,0.07
110,"CAGL0E01419g",0,0.015,2033,12,314,31,14,0.127,0.2,0.0871,0.1,0.1133
111,"CAGL0E01683g",0,0.015,1800,26,480,3,23,0.163,0.211,0.08,0.1317,0.0883
112,"CAGL0E01705g",0,0,1298,39,2248,16,47,0.345,0.135,0.0632,0.0783,0.07
113,"CAGL0E01771g",0,0.025,2326,47,2149,4,17,0.175,0.288,0.0985,0.1233,0.1167
114,"CAGL0E01859g",0,0.005,1673,32,1544,28,27,0.177,0.137,0.0652,0.0817,0.0933
115,"CAGL0E02079g",0,0.03,2196,21,907,31,18,0.047,0.278,0.1011,0.1,0.1217
116,"CAGL0E02211g",0,0.14,201,14,645,81,50,0.371,0.512,0.0945,0.0483,0.095
117,"CAGL0E02321g",0,0.01,2465,79,5014,38,2,0.172,0.063,0.0751,0.0983,0.1183
118,"CAGL0E02475g",0,0,5528,125,3138,111,42,0.13,0.074,0.1029,0.0867,0.105
119,"CAGL0E02629g",0,0,1793,39,1058,20,26,0.135,0.144,0.0943,0.1083,0.0933
120,"CAGL0E02761g",0,0,841,51,5992,60,16,0.616,0.131,0.0618,0.0933,0.0717
121,"CAGL0E02783g",0,0.02,3950,48,846,38,7,0.107,0.173,0.0805,0.0517,0.1083
122,"CAGL0E02805g",0,0.01,7554,137,7297,59,8,0.145,0.091,0.0839,0.0917,0.0817
123,"CAGL0E02915g",0,0.015,1973,20,420,17,5,0.103,0.13,0.0958,0.1283,0.1033
124,"CAGL0E03355g",0,0.01,4964,32,910,16,25,0.078,0.173,0.1019,0.11,0.105
125,"CAGL0E03454g",0,0.005,3620,23,1253,15,15,0.099,0.149,0.0972,0.12,0.0967
126,"CAGL0E03476g",0,0.29,4960,4,38,15,11,0.012,0.596,0.0948,0.0833,0.08
127,"CAGL0E03498g",0,0.01,689,18,774,8,27,0.643,0.203,0.0711,0.0717,0.075
128,"CAGL0E03718g",0,0.035,1470,20,404,27,35,0.151,0.374,0.0891,0.085,0.0833
129,"CAGL0E03762g",0,0.005,3564,62,2578,6,21,0.164,0.15,0.0923,0.0867,0.07
130,"CAGL0E03982g",0,0.005,5143,34,650,31,5,0.068,0.103,0.0986,0.095,0.0967
131,"CAGL0E04312g",0,0.06,4101,26,837,11,6,0.066,0.31,0.0827,0.0433,0.08
132,"CAGL0E04488g",0,0.015,1993,8,168,29,16,0.044,0.31,0.0933,0.115,0.095
133,"CAGL0E04510g",0,0.015,2225,10,288,17,9,0.054,0.241,0.0998,0.0967,0.0917
134,"CAGL0E04620g",0,0.025,2619,105,24704,0,2,0.557,0.132,0.0825,0.0583,0.0933
135,"CAGL0E04884g",0,0.01,5416,31,1809,5,14,0.077,0.162,0.1036,0.1,0.0383
136,"CAGL0E05434g",0,0.15,2657,8,213,13,23,0.128,0.581,0.0892,0.0967,0.0867
137,"CAGL0E05566g",0,0.01,1620,13,141,17,17,0.154,0.235,0.1043,0.115,0.1
138,"CAGL0E05940g",0,0.01,3505,31,1091,11,29,0.184,0.3,0.0879,0.1,0.0567
139,"CAGL0E06006g",0,0,1443,16,499,25,16,0.16,0.184,0.0818,0.1033,0.0967
140,"CAGL0E06028g",0,0.1,1154,5,225,14,0,0.058,0.417,0.1083,0.0983,0.1133
141,"CAGL0E06094g",0,0,174,15,830,38,45,1.268,0.23,0.0575,0.0783,0.045
142,"CAGL0E06116g",0,0.015,4250,109,6486,38,10,0.355,0.143,0.0944,0.0683,0.0633
143,"CAGL0E06248g",0,0.005,2629,51,1400,17,2,0.301,0.189,0.1164,0.105,0.1133
144,"CAGL0E06600g",0,0,2898,21,545,3,16,0.235,0.162,0.0952,0.1183,0.1033
145,"CAGL0E06644g",0,0.025,3105,10,422,9,2,0.148,0.274,0.0866,0.1183,0.0967
146,"CAGL0F00209g",0,0.255,2993,22,507,5,6,0.068,0.59,0.1019,0.1033,0.09
147,"CAGL0F00341g",0,0.005,643,62,2791,5,6,0.949,0.198,0.0824,0.1017,0.1
148,"CAGL0F00803g",0,0.035,2839,20,704,20,10,0.121,0.284,0.0764,0.0533,0.11
149,"CAGL0F00913g",0,0.015,3942,26,625,16,14,0.112,0.134,0.1053,0.1067,0.12
150,"CAGL0F01265g",0,0.005,2389,32,1130,48,24,0.114,0.163,0.0795,0.0883,0.0867
151,"CAGL0F01419g",0,0.005,5293,49,1179,23,51,0.073,0.124,0.0911,0.0717,0.0617
152,"CAGL0F01463g",0,0.025,3812,264,22527,19,7,0.661,0.058,0.0745,0.0983,0.03
153,"CAGL0F01507g",0,0.22,2024,8,223,13,20,0.041,0.619,0.0687,0.0667,0.0967
154,"CAGL0F01837g",0,0.21,2073,17,376,22,10,0.081,0.729,0.0738,0.0683,0.085
155,"CAGL0F02079g",0,0.245,5048,28,2316,2,23,0.067,0.753,0.1008,0.1167,0.07
156,"CAGL0F02431g",0,0.02,3375,203,22902,126,12,0.293,0.047,0.0942,0.075,0.105
157,"CAGL0F02453g",0,0.005,2133,52,1101,19,48,0.123,0.084,0.1078,0.1017,0.095
158,"CAGL0F02519g",0,0.01,2875,40,2271,99,3,0.12,0.094,0.1033,0.06,0.1167
159,"CAGL0F02607g",0,0.01,2330,26,1286,6,3,0.09,0.245,0.112,0.1,0.11
160,"CAGL0F02717g",0,0.045,4808,112,6464,67,2,0.271,0.076,0.0784,0.075,0.1233
161,"CAGL0F02783g",0,0,3874,52,2216,15,7,0.199,0.152,0.1014,0.08,0.0983
162,"CAGL0F03003g",0,0.025,3685,47,1472,34,7,0.142,0.125,0.0877,0.095,0.1267
163,"CAGL0F03025g",0,0.03,3151,29,650,20,2,0.103,0.125,0.0911,0.0983,0.125
164,"CAGL0F03047g",0,0.005,2702,25,1654,2,17,0.119,0.137,0.0973,0.0867,0.08
165,"CAGL0F03069g",0,0.01,1604,13,479,18,37,0.132,0.305,0.0648,0.07,0.0633
166,"CAGL0F03245g",0,0.01,3921,44,1705,7,3,0.211,0.137,0.1035,0.1083,0.1217
167,"CAGL0F03619g",0,0.01,2157,10,303,2,15,0.079,0.291,0.1001,0.0983,0.0983
168,"CAGL0F03641g",0,0,1269,23,1701,13,11,0.36,0.255,0.0646,0.0833,0.0733
169,"CAGL0F03883g",0,0.005,3073,42,2497,0,3,0.547,0.123,0.0918,0.08,0.115
170,"CAGL0F04081g",0,0.025,2088,12,426,1,9,0.076,0.182,0.0953,0.115,0.1317
171,"CAGL0F04521g",0,0.02,1788,14,242,9,14,0.095,0.199,0.1079,0.1133,0.1167
172,"CAGL0F04741g",0,0.015,1553,9,99,24,1,0.075,0.353,0.0992,0.1333,0.105
173,"CAGL0F05159g",0,0.03,2581,13,47,9,0,0.067,0.239,0.1023,0.1217,0.1067
174,"CAGL0F05621g",0,0.05,1452,8,541,1,3,0.212,0.479,0.0875,0.1117,0.0867
175,"CAGL0F05995g",0,0.01,2478,12,160,9,42,0.075,0.212,0.0896,0.1183,0.0733
176,"CAGL0F06039g",0,0.04,1240,5,385,22,18,0.066,0.46,0.0742,0.0767,0.105
177,"CAGL0F06237g",0,0.01,1367,12,177,9,6,0.244,0.228,0.0827,0.115,0.0833
178,"CAGL0F06501g",0,0.005,1619,13,123,0,8,0.204,0.205,0.1192,0.1283,0.1067
179,"CAGL0F06545g",0,0.12,951,6,168,1,9,0.254,0.496,0.0967,0.1133,0.0967
180,"CAGL0F06655g",0,0.015,4045,23,582,3,7,0.183,0.169,0.1016,0.0917,0.0733
181,"CAGL0F06677g",0,0.04,1341,7,122,2,4,0.193,0.324,0.0865,0.1117,0.13
182,"CAGL0F06743g",0,0.085,2673,5,20,10,0,0.095,0.347,0.0939,0.0783,0.0967
183,"CAGL0F06787g",0,0.075,1641,7,62,3,0,0.207,0.406,0.0896,0.0933,0.0367
184,"CAGL0F07315g",0,0,1947,20,575,3,10,0.315,0.233,0.1022,0.0933,0.1067
185,"CAGL0F07579g",0,0.17,1149,4,40,6,16,0.049,0.541,0.0836,0.085,0.0867
186,"CAGL0F07601g",0,0.04,899,8,300,14,15,0.119,0.349,0.0779,0.0883,0.0867
187,"CAGL0F07667g",0,0,3874,33,1679,5,10,0.145,0.21,0.0919,0.115,0.1017
188,"CAGL0F07755g",0,0.3,2606,4,44,3,2,0.061,0.772,0.1132,0.0883,0.1067
189,"CAGL0F07865g",0,0.005,3872,14,452,3,12,0.146,0.236,0.0984,0.1217,0.0933
190,"CAGL0F07909g",0,0.07,4908,8,146,4,4,0.046,0.338,0.1068,0.1,0.095
191,"CAGL0F08019g",0,0.03,1104,18,305,19,28,0.284,0.453,0.0797,0.08,0.1017
192,"CAGL0F08041g",0,0.295,4458,46,2823,12,7,0.166,0.672,0.0803,0.065,0.0633
193,"CAGL0F08283g",0,0.275,2094,4,77,5,2,0.053,0.67,0.0965,0.0817,0.105
194,"CAGL0F08371g",0,0.05,5545,41,1336,10,0,0.235,0.363,0.1003,0.1117,0.105
195,"CAGL0F08723g",0,0,1295,14,591,14,3,0.223,0.275,0.0772,0.0817,0.09
196,"CAGL0F08833g",0,0.005,3121,17,598,44,12,0.088,0.218,0.0875,0.08,0.1167
197,"CAGL0F09053g",0,0.015,2563,27,894,8,30,0.169,0.155,0.103,0.0983,0.11
198,"CAGL0F09097g",0,0.05,2253,7,75,19,1,0.046,0.289,0.1074,0.0833,0.1067
199,"CAGL0F09229g",0,0.04,2730,12,362,1,3,0.147,0.314,0.1073,0.0883,0.1033
200,"CAGL0G00242g",0,0.015,6237,101,3863,42,79,0.079,0.058,0.0988,0.07,0.0483
201,"CAGL0G00704g",0,0.03,1498,25,267,25,19,0.127,0.234,0.1028,0.0917,0.1267
202,"CAGL0G00814g",0,0.06,1973,14,760,19,57,0.06,0.321,0.0801,0.0933,0.0767
203,"CAGL0G00858g",0,0,2768,163,7852,49,45,0.58,0.052,0.0965,0.0733,0.1117
204,"CAGL0G01056g",0,0,1812,39,1413,6,25,0.163,0.158,0.1038,0.105,0.0833
205,"CAGL0G01320g",0,0,2002,26,289,18,56,0.154,0.142,0.0959,0.095,0.09
206,"CAGL0G01386g",0,0,2569,38,1337,0,20,0.209,0.178,0.0923,0.0817,0.0867
207,"CAGL0G02035g",0,0.06,1801,9,133,5,6,0.076,0.263,0.0783,0.0667,0.035
208,"CAGL0G02101g",0,0,1160,15,601,46,23,0.23,0.235,0.0638,0.0667,0.07
209,"CAGL0G02343g",0,0.09,1038,5,43,5,13,0.115,0.456,0.1031,0.1,0.1233
210,"CAGL0G02497g",0,0.005,5833,29,965,9,4,0.101,0.13,0.1006,0.075,0.115
211,"CAGL0G02607g",0,0.005,3424,39,1511,2,7,0.168,0.139,0.1013,0.0733,0.1067
212,"CAGL0G02717g",0,0.015,1947,69,6313,9,17,0.593,0.137,0.0919,0.0867,0.0767
213,"CAGL0G02739g",0,0.015,2731,13,615,24,3,0.066,0.265,0.0901,0.0533,0.095
214,"CAGL0G02827g",0,0.01,2813,35,1092,0,27,0.157,0.127,0.0938,0.105,0.0833
215,"CAGL0G03179g",0,0.055,4289,31,696,35,2,0.167,0.401,0.0982,0.095,0.1033
216,"CAGL0G03267g",0,0.035,1695,7,355,15,30,0.119,0.276,0.0973,0.085,0.1
217,"CAGL0G03421g",0,0.04,3472,15,533,11,19,0.216,0.206,0.0824,0.1283,0.0533
218,"CAGL0G03597g",0,0.005,1328,13,608,8,18,0.184,0.231,0.1009,0.1083,0.105
219,"CAGL0G04125g",0,0.005,4057,22,1241,0,7,0.18,0.172,0.0966,0.1,0.085
220,"CAGL0G04389g",0,0.005,2220,18,996,0,21,0.217,0.31,0.0878,0.11,0.1
221,"CAGL0G04433g",0,0.005,2656,28,1035,7,20,0.255,0.126,0.0934,0.1117,0.0783
222,"CAGL0G04609g",0,0.085,3402,7,51,0,18,0.066,0.267,0.0979,0.0933,0.0783
223,"CAGL0G04851g",0,0.26,1271,4,66,4,16,0.079,0.68,0.0795,0.1217,0.105
224,"CAGL0G05093g",0,0.025,2627,25,829,6,7,0.263,0.172,0.0849,0.0733,0.1233
225,"CAGL0G05379g",0,0.065,1903,5,38,8,9,0.055,0.263,0.0899,0.1133,0.1183
226,"CAGL0G05566g",0,0.035,1714,4,99,11,24,0.043,0.36,0.098,0.125,0.105
227,"CAGL0G05918g",0,0.02,1775,23,1263,0,32,0.273,0.268,0.1065,0.14,0.1
228,"CAGL0G06072g",0,0.065,2459,23,698,26,1,0.189,0.393,0.0691,0.07,0.115
229,"CAGL0G06556g",0,0.025,1182,6,158,17,5,0.107,0.443,0.0973,0.1117,0.1
230,"CAGL0G06754g",0,0.235,1497,7,151,1,14,0.134,0.724,0.0828,0.1217,0.1033
231,"CAGL0G06864g",0,0.16,2721,41,1133,5,5,0.443,0.434,0.0974,0.055,0.0883
232,"CAGL0G07040g",0,0.02,1210,5,118,3,6,0.158,0.38,0.1066,0.1233,0.095
233,"CAGL0G07249g",0,0.005,1792,24,568,3,23,0.199,0.137,0.0859,0.09,0.0383
234,"CAGL0G07667g",0,0,2692,33,1030,10,12,0.239,0.162,0.088,0.08,0.1
235,"CAGL0G07887g",0,0.28,948,3,121,4,5,0.13,0.704,0.1118,0.09,0.0983
236,"CAGL0G08019g",0,0.025,1210,7,259,10,9,0.162,0.257,0.0752,0.1,0.07
237,"CAGL0G08107g",0,0.26,2053,3,24,0,5,0.034,0.594,0.1159,0.115,0.085
238,"CAGL0G08624g",0,0.005,2670,30,881,3,19,0.204,0.279,0.0948,0.125,0.0833
239,"CAGL0G08646g",0,0.095,2000,10,431,19,14,0.083,0.476,0.08,0.0783,0.105
240,"CAGL0G08844g",0,0.205,3212,33,1660,0,13,0.252,0.423,0.1093,0.1033,0.0883
241,"CAGL0G08866g",0,0.075,1830,9,297,14,2,0.115,0.393,0.0874,0.1033,0.1317
242,"CAGL0G09020g",0,0.005,2252,25,1370,56,2,0.175,0.261,0.095,0.0833,0.1017
243,"CAGL0G09042g",0,0.18,2190,12,284,3,21,0.094,0.363,0.1087,0.0917,0.0733
244,"CAGL0G09449g",0,0.03,1545,8,174,22,13,0.115,0.353,0.0809,0.0833,0.0983
245,"CAGL0G09515g",0,0,1810,17,334,5,23,0.144,0.192,0.0917,0.125,0.095
246,"CAGL0G09757g",0,0.015,5298,39,1297,9,13,0.17,0.128,0.1008,0.07,0.125
247,"CAGL0G09999g",0,0.01,2323,19,776,13,3,0.201,0.203,0.0956,0.1183,0.1233
248,"CAGL0H00396g",0,0.13,3140,8,253,4,17,0.055,0.451,0.0949,0.1333,0.1033
249,"CAGL0H01287g",0,0.25,4273,7,217,2,13,0.049,0.672,0.0744,0.1067,0.0783
250,"CAGL0H01683g",0,0.015,3634,31,690,1,1,0.318,0.27,0.1032,0.115,0.1033
251,"CAGL0H02145g",0,0.08,1887,6,156,12,1,0.089,0.315,0.0694,0.0667,0.11
252,"CAGL0H02519g",0,0.01,2364,59,1726,25,11,0.4,0.135,0.0986,0.09,0.0933
253,"CAGL0H02563g",0,0.06,177,5,211,15,12,0.487,0.441,0.0678,0.1083,0.0833
254,"CAGL0H02959g",0,0,6198,78,3164,15,1,0.401,0.217,0.0965,0.0783,0.1167
255,"CAGL0H03575g",0,0.01,1893,11,226,18,9,0.115,0.267,0.0851,0.0683,0.1033
256,"CAGL0H03751g",0,0,8542,72,2609,12,23,0.162,0.072,0.088,0.0817,0.095
257,"CAGL0H03861g",0,0.19,2457,5,509,6,15,0.052,0.396,0.0847,0.0867,0.075
258,"CAGL0H03993g",0,0.035,2315,8,129,30,34,0.052,0.27,0.0881,0.0933,0.1083
259,"CAGL0H04213g",0,0.06,4330,33,2190,55,6,0.13,0.31,0.0915,0.1,0.1317
260,"CAGL0H04367g",0,0.06,3695,23,1305,4,11,0.182,0.37,0.0926,0.0983,0.0917
261,"CAGL0H04873g",0,0.025,1590,9,85,2,26,0.114,0.404,0.0899,0.135,0.095
262,"CAGL0H05005g",0,0.045,1676,7,105,16,9,0.094,0.289,0.1116,0.0917,0.1317
263,"CAGL0H05621g",0,0,4363,69,5358,0,11,0.465,0.222,0.0974,0.0867,0.095
264,"CAGL0H06215g",0,0.05,4123,7,182,15,8,0.041,0.248,0.0813,0.0467,0.115
265,"CAGL0H06347g",0,0.005,2334,48,2429,5,7,0.356,0.193,0.069,0.0883,0.08
266,"CAGL0H06413g",0,0.01,927,12,543,3,34,0.214,0.332,0.0734,0.0683,0.075
267,"CAGL0H06435g",0,0.01,571,47,2739,23,16,1.29,0.145,0.0806,0.06,0.0833
268,"CAGL0H06545g",0,0,1773,13,622,21,10,0.153,0.228,0.0902,0.1067,0.0817
269,"CAGL0H06633g",0,0.11,2799,22,1917,8,2,0.146,0.411,0.0811,0.06,0.0767
270,"CAGL0H06677g",0,0,2011,43,1666,4,40,0.431,0.137,0.0796,0.0817,0.08
271,"CAGL0H06875g",0,0.005,2659,15,569,9,0,0.155,0.196,0.103,0.1,0.1067
272,"CAGL0H07403g",0,0,1760,18,633,37,2,0.141,0.121,0.0943,0.09,0.1117
273,"CAGL0H07557g",0,0,2323,36,1000,24,54,0.257,0.196,0.0796,0.075,0.0967
274,"CAGL0H07711g",0,0.035,1894,6,72,4,8,0.1,0.258,0.104,0.115,0.1067
275,"CAGL0H07843g",0,0.13,1070,3,247,6,13,0.079,0.529,0.1047,0.1217,0.1033
276,"CAGL0H08107g",0,0,5371,60,2405,4,1,0.136,0.109,0.1065,0.1283,0.0933
277,"CAGL0H08437g",0,0.16,4300,12,137,5,9,0.027,0.373,0.106,0.1067,0.095
278,"CAGL0H08624g",0,0.005,780,12,134,15,20,0.163,0.365,0.0756,0.0833,0.08
279,"CAGL0H08866g",0,0.005,2221,28,1276,46,82,0.144,0.191,0.0765,0.1017,0.0667
280,"CAGL0H09130g",0,0,3723,37,783,12,31,0.08,0.117,0.0932,0.0983,0.0967
281,"CAGL0H09460g",0,0,2400,53,2222,6,58,0.229,0.072,0.1021,0.0967,0.1033
282,"CAGL0I00484g",0,0.025,1769,11,368,6,14,0.082,0.318,0.0854,0.1117,0.0833
283,"CAGL0I00726g",0,0.025,808,16,244,0,18,0.343,0.389,0.0619,0.0917,0.0583
284,"CAGL0I00968g",0,0.085,3584,10,79,5,6,0.052,0.316,0.0949,0.0833,0.0883
285,"CAGL0I01012g",0,0.255,1139,3,3,7,6,0.056,0.508,0.1054,0.095,0.1
286,"CAGL0I01188g",0,0.27,2323,10,263,2,2,0.085,0.593,0.0956,0.0733,0.105
287,"CAGL0I01232g",0,0.17,933,13,793,3,6,0.259,0.512,0.0997,0.105,0.0967
288,"CAGL0I02508g",0,0.005,528,46,2074,42,31,1.749,0.076,0.0492,0.1033,0.1083
289,"CAGL0I02552g",0,0.005,5352,87,3412,10,1,0.298,0.138,0.0923,0.0983,0.1
290,"CAGL0I03432g",0,0.125,550,7,654,1,0,0.49,0.575,0.0509,0.0883,0.0867
291,"CAGL0I03498g",0,0.155,2145,25,2966,19,7,0.459,0.454,0.09,0.0667,0.115
292,"CAGL0I03872g",0,0.01,4526,93,5416,3,13,0.53,0.237,0.0917,0.0767,0.0883
293,"CAGL0I03894g",0,0.195,1993,19,450,17,2,0.205,0.594,0.0893,0.095,0.1183
294,"CAGL0I04092g",0,0.005,1975,13,448,11,13,0.112,0.274,0.1028,0.1033,0.0967
295,"CAGL0I04180g",0,0.005,1987,36,2296,8,2,0.357,0.318,0.0916,0.075,0.0967
296,"CAGL0I04246g",0,0.03,2367,8,192,13,1,0.062,0.291,0.0955,0.05,0.095
297,"CAGL0I04664g",0,0.045,882,5,84,9,1,0.142,0.391,0.093,0.12,0.1317
298,"CAGL0I04862g",0,0.26,5312,8,47,4,15,0.033,0.569,0.0896,0.0933,0.0917
299,"CAGL0I05170g",0,0,6289,118,6251,2,3,0.29,0.111,0.0989,0.0983,0.1183
300,"CAGL0I05192g",0,0.16,1683,7,82,2,8,0.092,0.531,0.0998,0.1283,0.09
301,"CAGL0I05236g",0,0.01,1712,11,215,8,0,0.145,0.34,0.087,0.085,0.0917
302,"CAGL0I06116g",0,0,2489,38,2067,11,10,0.167,0.147,0.0932,0.1217,0.0983
303,"CAGL0I06138g",0,0.055,2582,9,145,1,22,0.04,0.305,0.1061,0.1,0.0817
304,"CAGL0I06160g",0,0.09,1213,4,167,20,13,0.041,0.356,0.0767,0.0867,0.12
305,"CAGL0I06182g",0,0.005,2941,63,1935,2,39,0.221,0.279,0.0884,0.0433,0.0867
306,"CAGL0I07183g",0,0.005,4875,145,7152,7,5,0.318,0.093,0.104,0.1033,0.07
307,"CAGL0I07491g",0,0,1220,29,768,4,77,0.229,0.168,0.0992,0.1017,0.085
308,"CAGL0I07513g",0,0,5073,149,11996,23,2,0.294,0.244,0.095,0.1017,0.1083
309,"CAGL0I07755g",0,0.01,3310,34,1652,9,67,0.113,0.138,0.0994,0.1217,0.0817
310,"CAGL0I08085g",0,0.01,723,39,2471,28,15,0.308,0.173,0.1037,0.1067,0.11
311,"CAGL0I08195g",0,0,1848,42,592,27,45,0.12,0.215,0.0985,0.115,0.1117
312,"CAGL0I08503g",0,0,780,15,219,26,74,0.239,0.213,0.0487,0.0833,0.0683
313,"CAGL0I08855g",0,0.315,1732,12,177,8,7,0.09,0.879,0.0947,0.0967,0.0917
314,"CAGL0I09130g",0,0.015,4866,156,10085,4,1,0.361,0.071,0.0894,0.0583,0.11
315,"CAGL0I09416g",0,0.005,1698,12,356,11,10,0.114,0.399,0.1013,0.125,0.095
316,"CAGL0I09922g",0,0,2113,38,2426,1,13,0.189,0.125,0.1022,0.1167,0.09
317,"CAGL0I10494g",0,0.005,2109,66,3374,17,38,0.518,0.138,0.0754,0.0833,0.0383
318,"CAGL0I10538g",0,0,1285,11,162,10,14,0.152,0.236,0.0911,0.1133,0.0767
319,"CAGL0I10769g",0,0.005,1667,49,1803,8,43,0.268,0.139,0.102,0.1117,0.1083
320,"CAGL0I10945g",0,0,2791,41,1131,4,4,0.265,0.249,0.0885,0.0717,0.085
321,"CAGL0J00253g",0,0,1810,25,1006,13,38,0.231,0.15,0.1006,0.11,0.08
322,"CAGL0J00539g",0,0.235,1690,33,1491,43,34,0.304,0.551,0.1,0.1117,0.0817
323,"CAGL0J00803g",0,0.01,4317,39,9618,4,12,0.212,0.116,0.0845,0.095,0.055
324,"CAGL0J01595g",0,0,2580,91,7282,20,26,0.314,0.118,0.081,0.075,0.085
325,"CAGL0J02134g",0,0.005,3796,178,10853,44,52,0.205,0.045,0.1001,0.1033,0.0967
326,"CAGL0J02288g",0,0.025,1729,28,693,36,22,0.078,0.162,0.1029,0.1367,0.1267
327,"CAGL0J03058g",0,0.005,2062,77,5722,21,17,0.421,0.126,0.0504,0.08,0.03
328,"CAGL0J03366g",0,0.03,960,11,624,0,8,0.226,0.446,0.076,0.0833,0.0917
329,"CAGL0J03454g",0,0.025,3922,17,300,6,0,0.086,0.202,0.1002,0.09,0.0717
330,"CAGL0J03608g",0,0.005,2039,17,261,13,16,0.221,0.253,0.0809,0.0933,0.065
331,"CAGL0J03828g",0,0.11,1550,4,70,21,1,0.057,0.613,0.0568,0.0733,0.09
332,"CAGL0J04290g",0,0.005,2093,45,2426,4,5,0.338,0.217,0.1065,0.0983,0.095
333,"CAGL0J04312g",0,0.025,5048,24,654,39,5,0.089,0.316,0.1004,0.12,0.1067
334,"CAGL0J04356g",0,0.235,1595,7,150,4,6,0.119,0.703,0.1022,0.1133,0.1117
335,"CAGL0J04400g",0,0.24,1011,14,539,2,8,0.31,0.681,0.0979,0.1133,0.0783
336,"CAGL0J05236g",0,0.285,2669,5,36,5,13,0.059,0.733,0.0806,0.0967,0.06
337,"CAGL0J05874g",0,0.02,1049,10,394,14,11,0.175,0.248,0.1068,0.0783,0.085
338,"CAGL0J06182g",0,0,2084,9,180,18,16,0.186,0.243,0.0849,0.1083,0.0883
339,"CAGL0J06490g",0,0.01,1154,17,337,22,1,0.558,0.272,0.1213,0.1083,0.0933
340,"CAGL0J06974g",0,0.05,2785,10,268,18,9,0.087,0.305,0.098,0.0833,0.11
341,"CAGL0J07150g",0,0.005,6785,110,3899,11,10,0.212,0.153,0.1064,0.1167,0.1117
342,"CAGL0J07282g",0,0,3396,29,1379,3,13,0.152,0.249,0.086,0.0833,0.1017
343,"CAGL0J07370g",0,0.105,2460,14,193,13,4,0.198,0.433,0.1073,0.1167,0.12
344,"CAGL0J07898g",0,0.11,468,3,109,12,3,0.297,0.479,0.0962,0.0983,0.1333
345,"CAGL0J07942g",0,0.04,4146,18,347,8,10,0.205,0.385,0.1076,0.1183,0.1017
346,"CAGL0J08074g",0,0.01,1204,9,545,15,2,0.393,0.215,0.103,0.1133,0.115
347,"CAGL0J08206g",0,0.07,6193,13,207,15,3,0.079,0.391,0.0979,0.12,0.1067
348,"CAGL0J08371g",0,0.04,1869,32,765,46,1,0.324,0.199,0.1091,0.085,0.1117
349,"CAGL0J08481g",0,0.005,1920,15,833,13,14,0.223,0.272,0.0677,0.09,0.0933
350,"CAGL0J08569g",0,0.065,1251,3,6,12,7,0.063,0.357,0.0999,0.0883,0.0867
351,"CAGL0J08613g",0,0.015,3138,28,1884,9,8,0.213,0.273,0.0758,0.0583,0.0917
352,"CAGL0J08712g",0,0.055,1453,7,190,7,15,0.131,0.423,0.0847,0.1067,0.075
353,"CAGL0J08734g",0,0.005,2527,25,1319,12,12,0.26,0.151,0.0791,0.0933,0.095
354,"CAGL0J08910g",0,0.265,1778,3,282,2,1,0.074,0.686,0.0939,0.1,0.1
355,"CAGL0J09416g",0,0.02,768,11,308,6,22,0.474,0.38,0.1003,0.0933,0.105
356,"CAGL0J10120g",0,0.205,3024,9,732,8,27,0.096,0.523,0.0823,0.05,0.0667
357,"CAGL0J10274g",0,0.215,2700,4,128,5,5,0.041,0.624,0.0985,0.11,0.1033
358,"CAGL0J10296g",0,0,2094,13,524,1,10,0.183,0.241,0.0912,0.095,0.0783
359,"CAGL0J10472g",0,0.045,4321,24,839,22,24,0.148,0.412,0.0981,0.095,0.0967
360,"CAGL0J10582g",0,0.055,2537,13,331,0,1,0.161,0.422,0.1041,0.085,0.1017
361,"CAGL0J11308g",0,0.035,2303,4,117,23,6,0.046,0.322,0.0821,0.0733,0.105
362,"CAGL0J11506g",0,0.17,3650,5,77,14,19,0.036,0.6,0.1071,0.1083,0.09
363,"CAGL0J11748g",0,0.005,2398,21,840,10,31,0.142,0.154,0.0834,0.1033,0.1167
364,"CAGL0J11770g",0,0.005,2420,34,854,37,24,0.205,0.126,0.0959,0.1067,0.0983
365,"CAGL0K00363g",0,0.025,3684,25,782,27,20,0.08,0.205,0.1053,0.1117,0.1167
366,"CAGL0K00649g",0,0.065,1628,28,1017,5,15,0.254,0.374,0.0952,0.0967,0.1033
367,"CAGL0K00693g",0,0,4473,80,6713,33,22,0.214,0.11,0.0896,0.0833,0.09
368,"CAGL0K00715g",0,0.005,2535,75,6367,14,3,0.45,0.168,0.0868,0.0767,0.1067
369,"CAGL0K01331g",0,0.145,1343,15,383,4,16,0.21,0.552,0.0759,0.0583,0.085
370,"CAGL0K01463g",0,0.005,1970,27,617,8,20,0.338,0.145,0.097,0.0983,0.0767
371,"CAGL0K01507g",0,0.01,3326,20,355,6,10,0.155,0.204,0.0947,0.0833,0.06
372,"CAGL0K02145g",0,0.005,2885,154,10652,6,13,0.579,0.132,0.0842,0.0733,0.09
373,"CAGL0K02277g",0,0.02,2135,19,453,12,4,0.162,0.329,0.0806,0.0767,0.1017
374,"CAGL0K02343g",0,0,3757,54,2134,16,23,0.254,0.096,0.0908,0.0633,0.0867
375,"CAGL0K02673g",0,0.03,5762,265,17383,54,20,0.206,0.081,0.0871,0.075,0.1083
376,"CAGL0K02827g",0,0.01,887,24,589,82,19,0.112,0.153,0.0924,0.125,0.1183
377,"CAGL0K03003g",0,0.005,7938,261,14136,29,50,0.141,0.042,0.0999,0.085,0.0917
378,"CAGL0K03245g",0,0.005,1612,25,804,6,3,0.222,0.283,0.09,0.095,0.0817
379,"CAGL0K03399g",0,0.205,3300,57,3431,9,58,0.191,0.683,0.0718,0.0567,0.0833
380,"CAGL0K03773g",0,0.025,1267,8,76,16,3,0.101,0.274,0.0845,0.115,0.095
381,"CAGL0K04037g",0,0.025,7505,85,3142,29,29,0.107,0.084,0.0958,0.07,0.09
382,"CAGL0K04169g",0,0,2190,58,1789,19,1,0.284,0.106,0.1,0.0833,0.1067
383,"CAGL0K04257g",0,0.02,1790,15,595,10,19,0.072,0.237,0.0905,0.1133,0.08
384,"CAGL0K04279g",0,0.06,919,7,111,37,6,0.071,0.443,0.0871,0.09,0.115
385,"CAGL0K04367g",0,0,3039,71,4216,26,16,0.263,0.125,0.0888,0.0933,0.09
386,"CAGL0K04455g",0,0.07,1426,5,54,1,35,0.059,0.407,0.1017,0.125,0.1067
387,"CAGL0K04543g",0,0.025,620,5,67,7,8,0.149,0.402,0.0968,0.0767,0.105
388,"CAGL0K04631g",0,0,4047,71,3759,0,6,0.289,0.232,0.1023,0.1167,0.0867
389,"CAGL0K04697g",0,0.005,8602,116,4505,4,7,0.179,0.074,0.0999,0.0883,0.0917
390,"CAGL0K05423g",0,0.01,2043,14,804,8,1,0.187,0.27,0.0876,0.0617,0.0983
391,"CAGL0K05577g",0,0.035,1659,13,277,0,0,0.408,0.324,0.1061,0.075,0.105
392,"CAGL0K05709g",0,0.065,3534,9,264,10,37,0.034,0.243,0.0934,0.0967,0.105
393,"CAGL0K05797g",0,0.01,1260,37,1023,14,39,0.369,0.28,0.1079,0.1033,0.1167
394,"CAGL0K05841g",0,0,4965,46,1410,16,2,0.119,0.215,0.0965,0.0533,0.0917
395,"CAGL0K06127g",0,0.045,957,4,92,20,3,0.095,0.448,0.094,0.07,0.1067
396,"CAGL0K06193g",0,0.31,3013,27,1004,0,0,0.165,0.622,0.0899,0.0867,0.1117
397,"CAGL0K06413g",0,0.045,1342,6,219,15,4,0.182,0.428,0.0872,0.0967,0.1067
398,"CAGL0K06479g",0,0.005,3956,22,817,2,0,0.156,0.229,0.0943,0.0833,0.0767
399,"CAGL0K06963g",0,0.205,4031,19,816,6,0,0.101,0.734,0.1052,0.12,0.0917
400,"CAGL0K06985g",0,0.12,2901,30,1056,14,24,0.251,0.436,0.1024,0.0983,0.0917
401,"CAGL0K07161g",0,0,1534,32,1208,0,4,0.452,0.267,0.0997,0.105,0.0933
402,"CAGL0K07634g",0,0.32,2537,3,80,1,27,0.02,0.623,0.1119,0.1067,0.0817
403,"CAGL0K08228g",0,0.145,1439,13,294,7,4,0.254,0.495,0.1049,0.11,0.1017
404,"CAGL0K08272g",0,0.005,1560,11,496,9,23,0.207,0.231,0.0949,0.1117,0.105
405,"CAGL0K08426g",0,0.06,1806,18,431,5,18,0.224,0.37,0.1024,0.115,0.1067
406,"CAGL0K08624g",0,0.015,1853,13,397,7,14,0.101,0.282,0.0874,0.08,0.095
407,"CAGL0K08668g",0,0.095,753,6,371,33,6,0.097,0.502,0.0664,0.0767,0.115
408,"CAGL0K08690g",0,0.135,2571,39,1873,4,38,0.159,0.411,0.0836,0.1133,0.0717
409,"CAGL0K08756g",0,0.005,1215,26,983,24,28,0.243,0.202,0.0757,0.0667,0.1133
410,"CAGL0K08998g",0,0.075,741,4,92,0,0,0.29,0.39,0.108,0.1283,0.1067
411,"CAGL0K09372g",0,0.045,1276,4,97,23,12,0.09,0.403,0.0886,0.0833,0.115
412,"CAGL0K09570g",0,0.085,2687,10,149,0,4,0.147,0.338,0.093,0.0883,0.1033
413,"CAGL0K09900g",0,0,783,41,3934,7,13,1.769,0.213,0.069,0.075,0.09
414,"CAGL0K09944g",0,0.09,2026,3,40,2,8,0.047,0.373,0.1066,0.09,0.0917
415,"CAGL0K09988g",0,0.09,1371,18,1823,0,0,0.45,0.366,0.0817,0.08,0.0717
416,"CAGL0K10164g",0,0.03,1237,7,967,3,22,0.195,0.268,0.0752,0.085,0.0967
417,"CAGL0K10604g",0,0.26,1749,9,149,3,9,0.114,0.646,0.0943,0.1017,0.0683
418,"CAGL0K10846g",0,0.205,1233,22,993,10,4,0.326,0.617,0.0584,0.05,0.1067
419,"CAGL0K10868g",0,0.01,2628,31,1204,9,45,0.211,0.29,0.0906,0.0717,0.085
420,"CAGL0K11209g",0,0.1,1854,4,74,1,12,0.086,0.481,0.082,0.065,0.0817
421,"CAGL0K11231g",0,0.07,1538,6,68,13,1,0.155,0.412,0.0891,0.09,0.1083
422,"CAGL0K11396g",0,0.01,4908,19,414,0,35,0.076,0.163,0.099,0.1083,0.0883
423,"CAGL0K11902g",0,0.005,4522,25,676,5,17,0.12,0.27,0.0977,0.05,0.08
424,"CAGL0K12254g",0,0.005,1315,9,300,9,27,0.144,0.217,0.092,0.1083,0.0783
425,"CAGL0K12320g",0,0.155,2443,6,161,2,10,0.052,0.535,0.0847,0.12,0.1
426,"CAGL0K12430g",0,0.01,2135,17,830,1,1,0.291,0.228,0.1087,0.1217,0.1083
427,"CAGL0K12540g",0,0.015,990,6,153,8,3,0.142,0.348,0.0929,0.1167,0.11
428,"CAGL0K12562g",0,0.015,7532,61,4433,12,2,0.184,0.129,0.099,0.115,0.0833
429,"CAGL0K12738g",0,0.08,2082,14,413,2,30,0.102,0.345,0.0985,0.1117,0.085
430,"CAGL0K12914g",0,0.005,2024,18,848,16,1,0.148,0.285,0.0993,0.105,0.1233
431,"CAGL0L00583g",0,0.05,1563,5,55,1,0,0.04,0.342,0.1043,0.095,0.105
432,"CAGL0L00605g",0,0.3,1150,9,506,13,46,0.098,0.702,0.1139,0.1083,0.0883
433,"CAGL0L00627g",0,0.005,4217,88,6612,23,4,0.255,0.122,0.0968,0.115,0.1117
434,"CAGL0L01001g",0,0.08,4121,52,1751,2,2,0.201,0.293,0.1002,0.1183,0.1383
435,"CAGL0L01331g",0,0.01,2011,13,125,22,10,0.215,0.289,0.0751,0.1083,0.0883
436,"CAGL0L01463g",0,0.065,1326,5,56,1,2,0.207,0.37,0.1192,0.1,0.1
437,"CAGL0L01485g",0,0.015,1953,12,162,2,1,0.231,0.39,0.0901,0.1167,0.0883
438,"CAGL0L01551g",0,0.07,1545,16,896,6,14,0.291,0.425,0.0861,0.0883,0.1167
439,"CAGL0L01727g",0,0,2501,29,739,2,0,0.214,0.165,0.0676,0.1067,0.065
440,"CAGL0L01771g",0,0,10317,126,5320,9,16,0.191,0.093,0.1009,0.0983,0.09
441,"CAGL0L01903g",0,0.005,5016,21,656,19,14,0.114,0.253,0.0949,0.0483,0.0617
442,"CAGL0L02123g",0,0.07,4125,15,961,0,6,0.066,0.382,0.0899,0.105,0.0917
443,"CAGL0L02299g",0,0.015,2610,22,414,7,31,0.238,0.312,0.0724,0.085,0.07
444,"CAGL0L02585g",0,0.145,2623,8,153,1,15,0.051,0.457,0.0934,0.1083,0.11
445,"CAGL0L02651g",0,0.005,3281,71,4790,10,4,0.442,0.119,0.0969,0.0717,0.085
446,"CAGL0L02739g",0,0,3053,40,1333,11,4,0.182,0.185,0.096,0.1033,0.0783
447,"CAGL0L02761g",0,0.005,2314,30,1254,8,4,0.211,0.206,0.0951,0.1,0.0767
448,"CAGL0L02827g",0,0.025,3724,125,9942,1,0,0.626,0.183,0.0975,0.1033,0.08
449,"CAGL0L03091g",0,0,2719,27,253,8,46,0.134,0.179,0.0868,0.095,0.0533
450,"CAGL0L03135g",0,0.005,5684,44,3014,16,57,0.087,0.122,0.0931,0.1017,0.0667
451,"CAGL0L03157g",0,0.01,756,20,1166,43,22,0.266,0.27,0.0754,0.0783,0.0933
452,"CAGL0L03377g",0,0,3835,34,1224,14,31,0.123,0.253,0.0892,0.0933,0.0517
453,"CAGL0L03520g",0,0.18,4470,13,105,5,12,0.076,0.602,0.0937,0.1133,0.0967
454,"CAGL0L03608g",0,0.01,2762,34,1217,18,16,0.24,0.194,0.08,0.11,0.065
455,"CAGL0L03674g",0,0.02,3226,78,2909,11,30,0.444,0.141,0.0992,0.0667,0.0733
456,"CAGL0L03696g",0,0.005,2467,19,1064,28,6,0.12,0.193,0.0985,0.0783,0.105
457,"CAGL0L03916g",0,0,8160,154,5637,5,25,0.177,0.084,0.0958,0.1033,0.1
458,"CAGL0L04290g",0,0.005,2698,14,693,10,9,0.162,0.229,0.093,0.0967,0.1117
459,"CAGL0L04400g",0,0.005,3531,52,2805,20,18,0.335,0.253,0.0971,0.0683,0.0817
460,"CAGL0L04576g",0,0.01,2815,32,1815,15,29,0.185,0.117,0.076,0.0783,0.0767
461,"CAGL0L05412g",0,0.055,1502,12,514,1,45,0.134,0.326,0.0772,0.0917,0.0783
462,"CAGL0L05632g",0,0.295,2909,8,222,12,26,0.065,0.75,0.0887,0.1017,0.0983
463,"CAGL0L06028g",0,0.005,1799,18,397,42,31,0.118,0.256,0.0828,0.0767,0.0867
464,"CAGL0L06072g",0,0.09,2443,19,601,0,11,0.094,0.37,0.1077,0.1033,0.085
465,"CAGL0L06138g",0,0.015,2418,12,198,32,40,0.047,0.21,0.0856,0.085,0.0983
466,"CAGL0L06226g",0,0,2968,40,995,22,17,0.172,0.214,0.094,0.0867,0.0883
467,"CAGL0L06336g",0,0.03,2801,26,507,3,5,0.12,0.137,0.1125,0.0983,0.1067
468,"CAGL0L06424g",0,0,3074,46,1762,14,22,0.219,0.091,0.0885,0.07,0.1067
469,"CAGL0L06776g",0,0.01,2772,66,8168,1,27,0.307,0.178,0.0988,0.1117,0.0667
470,"CAGL0L06798g",0,0.01,1293,15,1098,42,35,0.185,0.285,0.0789,0.0833,0.0617
471,"CAGL0L06842g",0,0.035,2319,10,523,27,29,0.064,0.244,0.091,0.0717,0.0917
472,"CAGL0L07216g",0,0.005,4203,40,2246,20,0,0.34,0.085,0.0854,0.0983,0.0983
473,"CAGL0L07326g",0,0.23,1806,2,3,6,0,0.047,0.471,0.0963,0.085,0.1017
474,"CAGL0L07436g",0,0.01,2115,13,151,10,1,0.098,0.206,0.087,0.0767,0.1117
475,"CAGL0L07480g",0,0.005,1268,11,250,7,38,0.128,0.407,0.0828,0.12,0.0933
476,"CAGL0L07656g",0,0.005,2627,24,1288,5,0,0.167,0.177,0.1073,0.12,0.0983
477,"CAGL0L07744g",0,0.005,3521,28,1598,14,52,0.158,0.303,0.0801,0.0467,0.0783
478,"CAGL0L07854g",0,0.02,3634,18,1013,3,26,0.066,0.264,0.0916,0.1067,0.1017
479,"CAGL0L08140g",0,0.005,7485,46,5607,15,4,0.128,0.24,0.1081,0.0733,0.1133
480,"CAGL0L08162g",0,0.06,4369,35,1087,8,20,0.215,0.322,0.0929,0.12,0.1217
481,"CAGL0L08294g",0,0,4020,30,1507,19,8,0.17,0.162,0.094,0.095,0.12
482,"CAGL0L08668g",0,0.005,2415,58,5033,0,43,0.31,0.142,0.0961,0.115,0.07
483,"CAGL0L08910g",0,0.01,2234,46,571,30,20,0.162,0.096,0.1226,0.125,0.13
484,"CAGL0L09042g",0,0.055,1685,131,13254,21,73,0.407,0.075,0.1199,0.1033,0.1333
485,"CAGL0L09339g",0,0.09,3083,32,660,20,40,0.061,0.373,0.0905,0.1133,0.09
486,"CAGL0L09383g",0,0,1586,22,561,43,56,0.093,0.175,0.0902,0.095,0.12
487,"CAGL0L09691g",0,0.015,4038,105,4357,0,30,0.542,0.067,0.0973,0.105,0.0717
488,"CAGL0L09933g",0,0,1476,19,565,24,40,0.169,0.209,0.0637,0.0767,0.0967
489,"CAGL0L10868g",0,0.035,1039,10,380,3,28,0.159,0.401,0.0789,0.0983,0.115
490,"CAGL0L10956g",0,0.03,2978,14,506,0,13,0.093,0.274,0.1105,0.08,0.085
491,"CAGL0L11110g",0,0.255,2303,35,749,1,7,0.306,0.521,0.1016,0.1017,0.1167
492,"CAGL0L11308g",0,0.2,1253,3,68,16,7,0.084,0.665,0.1053,0.0967,0.0917
493,"CAGL0L11528g",0,0.3,1703,3,15,0,11,0.043,0.598,0.0846,0.0983,0.075
494,"CAGL0L11572g",0,0.065,2556,13,318,12,2,0.235,0.227,0.0892,0.065,0.135
495,"CAGL0L11704g",0,0.005,1567,8,247,7,7,0.216,0.289,0.0957,0.1117,0.1
496,"CAGL0L11770g",0,0.015,5212,31,394,20,0,0.209,0.227,0.0902,0.11,0.0817
497,"CAGL0L11880g",0,0.15,3183,9,189,3,13,0.179,0.386,0.0811,0.0767,0.0633
498,"CAGL0L12056g",0,0.3,1335,3,106,16,7,0.069,0.757,0.0712,0.045,0.0633
499,"CAGL0L12562g",0,0.17,986,9,77,7,11,0.287,0.612,0.0822,0.0883,0.08
500,"CAGL0L12650g",0,0.15,2201,8,182,7,0,0.132,0.509,0.0945,0.0933,0.08
501,"CAGL0L12782g",0,0.015,1093,4,297,7,7,0.156,0.391,0.0522,0.07,0.0867
502,"CAGL0L12980g",0,0.07,3588,9,89,0,13,0.07,0.318,0.0945,0.0833,0.09
503,"CAGL0L13068g",0,0.01,1417,10,394,37,1,0.274,0.208,0.0903,0.0933,0.09
504,"CAGL0L13090g",0,0.165,2596,8,337,1,0,0.083,0.51,0.109,0.1017,0.1133
505,"CAGL0L13244g",0,0.085,1788,4,321,7,10,0.071,0.466,0.1001,0.09,0.09
506,"CAGL0M00220g",0,0.02,5078,153,6549,14,6,0.422,0.171,0.0902,0.1117,0.11
507,"CAGL0M00286g",0,0.075,5462,38,1527,2,11,0.114,0.472,0.108,0.1133,0.0933
508,"CAGL0M00528g",0,0.02,2059,15,665,0,8,0.189,0.322,0.0811,0.1,0.0817
509,"CAGL0M00594g",0,0.12,3259,13,505,13,4,0.125,0.453,0.0994,0.095,0.0933
510,"CAGL0M00748g",0,0.115,2193,15,389,0,14,0.193,0.422,0.0935,0.08,0.0683
511,"CAGL0M00770g",0,0.01,3970,45,975,4,43,0.238,0.282,0.0839,0.0883,0.0733
512,"CAGL0M01254g",0,0.055,2070,18,970,1,0,0.231,0.406,0.1101,0.12,0.1217
513,"CAGL0M01628g",0,0.035,2380,11,771,3,20,0.114,0.292,0.079,0.1067,0.0583
514,"CAGL0M01716g",0,0.01,2124,22,549,25,14,0.241,0.161,0.0918,0.0883,0.1017
515,"CAGL0M01760g",0,0.115,5404,30,1097,6,2,0.155,0.479,0.0922,0.065,0.1083
516,"CAGL0M01826g",0,0.015,3087,54,3200,0,1,0.42,0.102,0.0716,0.065,0.045
517,"CAGL0M01870g",0,0.065,1356,7,56,0,4,0.091,0.417,0.0981,0.1317,0.115
518,"CAGL0M02387g",0,0,2723,12,300,24,4,0.112,0.232,0.0929,0.0683,0.095
519,"CAGL0M02431g",0,0.02,1930,11,116,3,52,0.133,0.355,0.085,0.1283,0.0983
520,"CAGL0M02563g",0,0.19,1615,3,28,8,6,0.035,0.346,0.0941,0.09,0.1233
521,"CAGL0M02585g",0,0.015,1283,7,127,3,7,0.104,0.421,0.1005,0.1167,0.105
522,"CAGL0M02651g",0,0.015,3007,53,2696,11,10,0.382,0.196,0.0825,0.0533,0.0767
523,"CAGL0M03025g",0,0.02,3840,16,621,1,15,0.237,0.352,0.0922,0.115,0.0867
524,"CAGL0M03157g",0,0.16,3681,41,2004,3,19,0.348,0.333,0.0864,0.0833,0.085
525,"CAGL0M03663g",0,0.05,2369,8,233,9,0,0.142,0.377,0.1068,0.1083,0.1167
526,"CAGL0M03707g",0,0.035,5381,16,235,1,0,0.143,0.246,0.1067,0.08,0.0967
527,"CAGL0M03773g",0,0.175,1186,4,77,7,4,0.125,0.594,0.0868,0.11,0.0717
528,"CAGL0M03927g",0,0.015,2575,16,290,0,1,0.253,0.22,0.0971,0.0683,0.0767
529,"CAGL0M04169g",0,0.125,2080,6,94,10,0,0.094,0.502,0.0745,0.0783,0.0617
530,"CAGL0M04565g",0,0.24,2744,2,118,1,3,0.035,0.612,0.0991,0.1167,0.1
531,"CAGL0M04983g",0,0.035,686,9,465,4,0,0.482,0.369,0.0816,0.0883,0.0633
532,"CAGL0M05489g",0,0.14,1507,8,219,9,15,0.154,0.59,0.0896,0.095,0.1133
533,"CAGL0M05511g",0,0.03,1533,10,256,13,2,0.203,0.365,0.0848,0.0967,0.1033
534,"CAGL0M05533g",0,0.05,5597,11,169,0,7,0.046,0.261,0.0938,0.085,0.1183
535,"CAGL0M05643g",0,0.005,918,13,210,11,36,0.322,0.397,0.0948,0.1017,0.0967
536,"CAGL0M05907g",0,0.035,3985,16,349,0,11,0.082,0.206,0.1074,0.09,0.1
537,"CAGL0M05929g",0,0.035,1972,21,1029,3,16,0.251,0.316,0.1055,0.11,0.1167
538,"CAGL0M06325g",0,0,3615,48,2223,8,60,0.237,0.166,0.0891,0.0883,0.0817
539,"CAGL0M06699g",0,0.05,1700,7,140,6,2,0.12,0.368,0.1047,0.1,0.0883
540,"CAGL0M06831g",0,0.08,2136,6,263,18,2,0.084,0.285,0.103,0.1,0.1317
541,"CAGL0M06875g",0,0.02,1160,15,317,0,1,0.397,0.209,0.0897,0.12,0.11
542,"CAGL0M06919g",0,0.125,3550,17,407,2,7,0.154,0.36,0.0952,0.09,0.1133
543,"CAGL0M07183g",0,0.025,1940,15,617,14,2,0.32,0.313,0.0763,0.0867,0.0767
544,"CAGL0M07381g",0,0.11,2386,18,854,9,54,0.09,0.402,0.0909,0.0883,0.11
545,"CAGL0M07634g",0,0.005,924,13,354,11,4,0.296,0.158,0.0595,0.0533,0.01
546,"CAGL0M07656g",0,0.04,2335,16,221,12,0,0.144,0.343,0.0809,0.0283,0.0933
547,"CAGL0M07942g",0,0.01,2577,78,10652,13,36,0.691,0.26,0.0671,0.055,0.1117
548,"CAGL0M08184g",0,0,1700,8,241,8,10,0.129,0.292,0.0982,0.0967,0.0983
549,"CAGL0M08250g",0,0,2414,23,325,17,1,0.324,0.208,0.1036,0.07,0.0917
550,"CAGL0M08404g",0,0.055,1754,9,89,9,8,0.118,0.444,0.0975,0.0867,0.105
551,"CAGL0M08492g",0,0.005,3705,86,6137,25,18,0.199,0.155,0.0745,0.08,0.0533
552,"CAGL0M08756g",0,0,1913,33,1061,20,49,0.21,0.244,0.0962,0.115,0.095
553,"CAGL0M08778g",0,0.005,814,32,572,54,12,0.481,0.151,0.0885,0.105,0.0883
554,"CAGL0M08800g",0,0.005,2606,56,1778,28,34,0.243,0.2,0.0921,0.0917,0.055
555,"CAGL0M08910g",0,0.01,3150,69,6811,4,30,0.254,0.261,0.0968,0.08,0.0583
556,"CAGL0M09042g",0,0.025,1434,15,200,1,6,0.2,0.309,0.1199,0.1117,0.1017
557,"CAGL0M09207g",0,0.28,393,3,17,0,14,0.326,0.718,0.0636,0.0717,0.0733
558,"CAGL0M09405g",0,0.005,2309,26,2172,7,5,0.303,0.227,0.0771,0.0883,0.0783
559,"CAGL0M09449g",0,0.02,3615,18,268,5,21,0.146,0.309,0.0932,0.07,0.0933
560,"CAGL0M09669g",0,0.03,2339,20,279,30,3,0.125,0.15,0.0966,0.0933,0.0783
561,"CAGL0M09955g",0,0.02,2220,34,2336,2,17,0.383,0.312,0.0838,0.095,0.0667
562,"CAGL0M10087g",0,0.07,1883,19,334,76,4,0.132,0.338,0.1057,0.0967,0.0983
563,"CAGL0M11440g",0,0.005,1940,51,1777,10,11,0.52,0.096,0.0969,0.0867,0.0683
564,"CAGL0M11726g",0,0,2490,127,5963,74,30,0.438,0.051,0.0815,0.1017,0.085
565,"CAGL0M12298g",0,0.02,3240,21,412,5,15,0.1,0.17,0.1015,0.115,0.11
566,"CAGL0M13189g",0,0,2423,31,848,13,16,0.231,0.261,0.0714,0.0933,0.0667
567,"CAGL0M13321g",0,0.005,2687,137,7647,8,42,0.737,0.069,0.077,0.0917,0.0667
568,"CAGL0M13739g",0,0.22,2784,19,856,17,18,0.147,0.771,0.0984,0.1033,0.1267
569,"CAGL0M13805g",0,0,2796,37,1263,1,19,0.328,0.166,0.0898,0.1117,0.0567
570,"CAGL0M13827g",0,0.005,5523,22,787,0,21,0.1,0.21,0.0989,0.0767,0.1033
571,"CAGL0M13849g",0,0.04,1848,16,477,22,2,0.271,0.304,0.092,0.1,0.13
572,"CAGL0F08547g",1,0.945,1479,15,398,5,2,0.295,0.817,0.098,0.0817,0.0883
573,"CAGL0H04961g",1,1,2155,0,0,27,7,0,1,0.0956,0.0917,0.1267
574,"CAGL0E01001g",1,0.97,2635,5,84,0,11,0.084,0.892,0.0824,0.0767,0.0733
575,"CAGL0E04576g",1,0.955,3150,11,187,4,10,0.053,0.768,0.1086,0.0833,0.12
576,"CAGL0G10021g",1,0.905,1744,6,512,15,0,0.065,0.574,0.1141,0.0883,0.1267
577,"CAGL0J08030g",1,0.955,6790,3,5,0,13,0.022,0.718,0.1056,0.0983,0.0817
578,"CAGL0I03410g",1,1,2321,1,3,2,7,0.015,0.995,0.0978,0.0783,0.0567
579,"CAGL0H07821g",1,0.995,3370,4,67,3,2,0.031,0.934,0.1116,0.115,0.11
580,"CAGL0L11660g",1,0.95,4959,2,178,3,7,0.013,0.697,0.0986,0.1033,0.1033
581,"CAGL0J10032g",1,0.625,2291,7,91,0,0,0.093,0.313,0.0943,0.085,0.0883
582,"CAGL0J03696g",1,0.98,1675,4,49,7,0,0.074,0.868,0.0925,0.1117,0.0733
583,"CAGL0A00495g",1,0.845,4070,81,3643,15,15,0.126,0.656,0.0813,0.09,0.0617
584,"CAGL0F02541g",1,0.735,2555,52,3029,6,54,0.187,0.741,0.1025,0.1333,0.1183
585,"CAGL0F04653g",1,1,1071,1,4,31,29,0.016,0.869,0.0952,0.115,0.0867
586,"CAGL0L12232g",1,0.96,2587,3,53,3,1,0.039,0.763,0.097,0.0917,0.0617
587,"CAGL0M05225g",1,0.94,1679,8,92,9,2,0.204,0.888,0.0965,0.105,0.1083
588,"CAGL0J10252g",1,0.995,991,3,47,9,6,0.085,0.879,0.1029,0.1017,0.1167
589,"CAGL0M01056g",1,0.965,733,5,26,9,4,0.348,0.786,0.0887,0.0933,0.1017
590,"CAGL0M09845g",1,1,2888,0,0,2,21,0,1,0.0994,0.0833,0.1233
591,"CAGL0L04246g",1,0.875,4811,12,546,11,11,0.084,0.719,0.0971,0.0867,0.1117
592,"CAGL0J10802g",1,0.985,174,0,0,6,4,0,1,0.092,0.1067,0.0817
593,"CAGL0C03135g",1,0.93,3942,18,3334,17,6,0.101,0.792,0.1035,0.0733,0.1133
594,"CAGL0G00418g",1,0.955,3361,13,226,13,12,0.033,0.874,0.0955,0.0983,0.1067
595,"CAGL0K09086g",1,0.99,1551,0,0,5,3,0,1,0.1032,0.0983,0.1233
596,"CAGL0L10604g",1,0.995,995,1,2,2,3,0.02,0.898,0.0874,0.0817,0.07
597,"CAGL0J03476g",1,0.7,2472,34,810,3,4,0.276,0.363,0.0821,0.1,0.075
598,"CAGL0M05731g",1,0.96,1526,4,74,1,14,0.056,0.924,0.1114,0.1133,0.12
599,"CAGL0M13893g",1,0.885,3870,20,444,0,7,0.16,0.528,0.1085,0.0967,0.09
600,"CAGL0M13519g",1,0.85,3759,46,2130,0,3,0.411,0.503,0.0899,0.1033,0.0967
601,"CAGL0D05258g",1,0.995,3929,2,38,3,10,0.005,0.939,0.0924,0.105,0.09
602,"CAGL0J07744g",1,1,2367,0,0,1,0,0,1,0.0955,0.1283,0.1217
603,"CAGL0K05115g",1,0.895,2435,32,1635,1,6,0.272,0.524,0.1014,0.0783,0.1083
604,"CAGL0J04378g",1,0.99,1852,3,158,7,7,0.038,0.936,0.1058,0.09,0.0883
605,"CAGL0M01804g",1,0.855,5450,42,2603,5,12,0.174,0.574,0.0771,0.1117,0.045
606,"CAGL0F05665g",1,0.97,2264,6,537,0,30,0.088,0.953,0.0985,0.1033,0.0883
607,"CAGL0M04235g",1,0.875,2765,29,6283,14,4,0.265,0.761,0.0987,0.055,0.09
608,"CAGL0L12188g",1,0.975,5005,7,92,0,4,0.096,0.935,0.0927,0.0717,0.0883
609,"CAGL0M11594g",1,0.95,1440,6,78,1,29,0.298,0.902,0.0931,0.0867,0.1133
610,"CAGL0L03872g",1,0.775,1192,18,749,3,48,0.204,0.611,0.1074,0.1117,0.075
611,"CAGL0J00935g",1,0.905,1257,2,65,0,2,0.036,0.689,0.0732,0.085,0.0583
612,"CAGL0J02420g",1,0.99,1242,3,139,6,6,0.033,0.882,0.0958,0.1233,0.095
613,"CAGL0F07887g",1,0.89,2913,12,503,7,3,0.169,0.651,0.1006,0.09,0.09
614,"CAGL0D02596g",1,0.79,3216,42,1527,3,5,0.375,0.347,0.0821,0.1133,0.125
615,"CAGL0G05874g",1,0.995,550,0,0,0,3,0,1,0.0855,0.0917,0.11
616,"CAGL0G04411g",1,0.975,5643,3,39,20,12,0.01,0.529,0.107,0.105,0.115
617,"CAGL0C01903g",1,1,2653,2,48,4,6,0.021,0.876,0.1021,0.0867,0.12
618,"CAGL0F01925g",1,0.775,2462,11,76,19,22,0.051,0.4,0.0849,0.105,0.0767
619,"CAGL0E04334g",1,0.915,3185,24,756,0,42,0.079,0.555,0.0845,0.0883,0.0717
620,"CAGL0D04884g",1,0.945,1839,0,0,2,27,0,1,0.0979,0.0967,0.14
621,"CAGL0F01705g",1,0.99,2212,6,606,3,23,0.029,0.895,0.0931,0.1133,0.09
622,"CAGL0F03861g",1,0.875,2658,17,1154,4,19,0.24,0.608,0.0933,0.105,0.0817
623,"CAGL0K12694g",1,0.975,2007,1,4,17,6,0.008,0.969,0.0827,0.0717,0.1317
624,"CAGL0I08701g",1,0.98,1129,10,393,43,24,0.058,0.811,0.0957,0.0717,0.0767
625,"CAGL0J04444g",1,0.925,2859,2,11,6,10,0.017,0.536,0.0934,0.1183,0.1267
626,"CAGL0I04752g",1,0.79,3395,8,61,19,12,0.056,0.469,0.1028,0.105,0.0783
627,"CAGL0K00759g",1,0.99,1640,3,56,8,19,0.026,0.91,0.0963,0.1117,0.0767
628,"CAGL0L01397g",1,1,3177,2,9,14,14,0.022,0.921,0.0866,0.0867,0.0983
629,"CAGL0F08569g",1,0.655,1404,5,348,0,6,0.096,0.289,0.0755,0.0917,0.115
630,"CAGL0F07249g",1,0.67,3036,10,342,9,0,0.126,0.324,0.0767,0.095,0.1083
631,"CAGL0I03828g",1,0.985,6328,2,7,0,14,0.009,0.624,0.0954,0.1183,0.0933
632,"CAGL0K09548g",1,0.95,2247,8,142,0,3,0.127,0.806,0.1006,0.0783,0.0817
633,"CAGL0F07139g",1,0.99,2618,2,56,11,2,0.019,0.964,0.0928,0.08,0.08
634,"CAGL0L11924g",1,1,2618,0,0,13,0,0,1,0.1035,0.105,0.11
635,"CAGL0H05533g",1,1,5921,0,0,0,6,0,1,0.1012,0.0967,0.11
636,"CAGL0I03762g",1,0.975,2075,3,11,5,5,0.119,0.851,0.0814,0.0817,0.0933
637,"CAGL0M00264g",1,0.995,1270,2,96,6,2,0.03,0.876,0.1031,0.1217,0.0933
638,"CAGL0G00748g",1,0.995,1024,4,68,3,26,0.03,0.794,0.0947,0.09,0.1117
639,"CAGL0L10120g",1,0.79,3241,11,458,16,11,0.045,0.365,0.0867,0.0983,0.1333
640,"CAGL0L02849g",1,0.925,4696,86,7815,22,3,0.289,0.781,0.1005,0.0717,0.1
641,"CAGL0E05720g",1,0.985,1396,7,59,2,0,0.069,0.901,0.0946,0.1033,0.1167
642,"CAGL0K09284g",1,0.99,3058,5,539,6,2,0.032,0.93,0.0978,0.1067,0.1167
643,"CAGL0C03630g",1,0.8,2292,18,300,7,6,0.077,0.559,0.0929,0.0633,0.09
644,"CAGL0I05918g",1,0.925,1150,3,26,3,16,0.037,0.652,0.0878,0.1183,0.08
645,"CAGL0G04521g",1,1,684,0,0,4,5,0,1,0.1023,0.1233,0.0967
646,"CAGL0J00671g",1,0.89,2880,11,383,0,2,0.075,0.738,0.0906,0.0633,0.105
647,"CAGL0L02871g",1,0.975,2650,7,137,0,10,0.046,0.805,0.103,0.0783,0.115
648,"CAGL0L07238g",1,0.99,1378,1,1,6,3,0.034,0.92,0.0893,0.0633,0.1167
649,"CAGL0H02849g",1,0.885,1232,4,95,0,3,0.258,0.724,0.0982,0.1117,0.105
650,"CAGL0J10934g",1,0.83,2513,3,11,1,18,0.041,0.495,0.115,0.0883,0.1167
651,"CAGL0L04136g",1,0.91,3020,8,619,1,8,0.1,0.952,0.1156,0.1,0.1117
652,"CAGL0J11638g",1,0.83,4882,54,2140,6,1,0.272,0.484,0.0998,0.1,0.0967
653,"CAGL0E02343g",1,1,1435,5,30,23,1,0.018,0.823,0.0962,0.1117,0.0983
654,"CAGL0J07810g",1,1,2061,1,16,7,17,0.026,0.962,0.0922,0.1133,0.11
655,"CAGL0F04323g",1,1,2102,0,0,7,5,0,1,0.0956,0.1067,0.0683
656,"CAGL0C02585g",1,1,2393,1,2,22,11,0.008,0.995,0.0907,0.12,0.1267
657,"CAGL0D02816g",1,1,1995,0,0,4,1,0,1,0.1063,0.1183,0.1133
658,"CAGL0D01914g",1,1,1217,0,0,7,4,0,1,0.0912,0.0967,0.11
659,"CAGL0E00781g",1,1,2350,1,2,0,26,0.012,0.976,0.0851,0.1083,0.0833
660,"CAGL0B03795g",1,0.98,1323,6,129,4,31,0.027,0.776,0.1043,0.095,0.1067
661,"CAGL0G07535g",1,0.995,894,3,34,2,0,0.105,0.925,0.0872,0.0783,0.0933
662,"CAGL0B01232g",1,1,1415,0,0,8,1,0,1,0.0834,0.0833,0.0983
663,"CAGL0J09636g",1,0.955,1763,2,86,5,6,0.049,0.888,0.0737,0.0767,0.1117
664,"CAGL0L01441g",1,0.985,2234,1,141,0,2,0.024,0.776,0.1016,0.0867,0.1283
665,"CAGL0K01815g",1,0.825,2398,9,99,2,0,0.062,0.64,0.0801,0.0767,0.0633
666,"CAGL0L00319g",1,0.865,1210,2,32,1,8,0.091,0.671,0.114,0.1017,0.1067
667,"CAGL0L09823g",1,0.985,2782,6,536,11,1,0.03,0.851,0.0773,0.0783,0.0983
668,"CAGL0A03652g",1,1,2388,0,0,6,4,0,1,0.0896,0.1017,0.0683
669,"CAGL0A02090g",1,0.94,2887,7,184,21,0,0.046,0.887,0.0918,0.115,0.085
670,"CAGL0K07964g",1,0.83,3192,9,253,15,0,0.107,0.363,0.094,0.0883,0.0783
671,"CAGL0L03432g",1,0.97,1636,3,18,12,4,0.049,0.927,0.1106,0.095,0.1067
672,"CAGL0L04312g",1,0.83,1945,20,591,7,6,0.336,0.589,0.0915,0.0917,0.0667
673,"CAGL0K11088g",1,0.9,4230,6,86,5,2,0.052,0.748,0.0965,0.0683,0.085
674,"CAGL0G09801g",1,1,2393,1,1,39,1,0.013,0.993,0.0915,0.0933,0.085
675,"CAGL0H06985g",1,0.97,2843,4,32,11,2,0.038,0.73,0.0981,0.0983,0.0833
676,"CAGL0F06479g",1,0.985,2266,2,53,2,5,0.023,0.977,0.1147,0.1133,0.1133
677,"CAGL0H09658g",1,0.975,378,0,0,20,28,0,1,0.1085,0.0967,0.1117
678,"CAGL0D02838g",1,1,2747,1,58,0,5,0.011,0.95,0.0936,0.11,0.1283
679,"CAGL0L08272g",1,1,1788,0,0,0,28,0,1,0.0968,0.08,0.0983
680,"CAGL0L07040g",1,0.965,1020,4,167,9,3,0.104,0.933,0.0951,0.105,0.0933
681,"CAGL0M05159g",1,1,1430,0,0,6,14,0,1,0.0867,0.09,0.0667
682,"CAGL0F07073g",1,0.89,2257,29,981,3,4,0.27,0.542,0.1023,0.105,0.0883
683,"CAGL0M07095g",1,1,1518,1,1,7,1,0.027,0.96,0.087,0.0617,0.1033
684,"CAGL0E05874g",1,0.99,4355,5,63,8,0,0.025,0.715,0.0962,0.1,0.11
685,"CAGL0M04279g",1,1,2916,0,0,1,3,0,1,0.0995,0.105,0.11
686,"CAGL0L01991g",1,0.92,5476,6,74,5,0,0.023,0.625,0.1061,0.125,0.1067
687,"CAGL0L02277g",1,0.98,2318,2,22,0,15,0.022,0.707,0.094,0.1167,0.0667
688,"CAGL0F03993g",1,0.975,1747,5,290,13,4,0.081,0.855,0.0944,0.115,0.09
689,"CAGL0M04081g",1,1,1765,0,0,0,5,0,1,0.1003,0.0967,0.115
690,"CAGL0K12342g",1,0.775,3153,30,1543,10,0,0.241,0.441,0.0793,0.1083,0.0833
691,"CAGL0G03003g",1,0.98,4098,5,179,39,5,0.022,0.743,0.1032,0.0817,0.1033
692,"CAGL0D00880g",1,0.905,3998,6,150,0,6,0.03,0.665,0.0963,0.1133,0.065
693,"CAGL0A04037g",1,0.89,2117,10,357,4,1,0.095,0.904,0.059,0.0633,0.0533
694,"CAGL0I08283g",1,1,980,1,5,16,92,0.009,0.93,0.0816,0.13,0.0767
695,"CAGL0E05896g",1,0.955,1266,5,64,0,4,0.085,0.874,0.1122,0.1,0.095
696,"CAGL0M01408g",1,1,3839,3,23,1,5,0.017,0.792,0.1005,0.0983,0.1083
697,"CAGL0I02288g",1,0.985,2202,4,176,0,4,0.14,0.957,0.1013,0.105,0.095
698,"CAGL0J11286g",1,0.935,1792,5,144,6,18,0.066,0.938,0.0848,0.0983,0.06
699,"CAGL0H01881g",1,0.9,894,6,63,7,5,0.179,0.932,0.057,0.05,0.0617
700,"CAGL0K06281g",1,1,766,0,0,38,23,0,1,0.0822,0.0883,0.115
701,"CAGL0M05335g",1,0.915,2860,2,38,2,3,0.023,0.527,0.086,0.1,0.0767
702,"CAGL0K12606g",1,0.92,2296,20,355,4,3,0.177,0.556,0.1093,0.09,0.0933
703,"CAGL0L04356g",1,0.82,5082,10,429,5,12,0.044,0.651,0.099,0.1083,0.1017
704,"CAGL0M05863g",1,0.68,2612,31,1221,8,0,0.24,0.405,0.0896,0.1067,0.1033
705,"CAGL0K00605g",1,1,1655,0,0,11,9,0,1,0.084,0.0533,0.11
706,"CAGL0J10758g",1,1,2220,0,0,1,8,0,1,0.095,0.1017,0.1117
707,"CAGL0I09790g",1,0.99,1888,2,68,11,7,0.012,0.778,0.0826,0.115,0.1233
708,"CAGL0G08822g",1,0.995,7728,4,48,16,0,0.016,0.936,0.102,0.1,0.11
709,"CAGL0J03344g",1,1,1718,0,0,8,5,0,1,0.0908,0.105,0.0883
710,"CAGL0G08756g",1,0.955,4869,8,301,12,2,0.035,0.786,0.0994,0.0933,0.0783
711,"CAGL0D05940g",1,0.785,2415,45,4969,59,19,0.136,0.623,0.0687,0.0383,0.0867
712,"CAGL0I09900g",1,0.985,850,1,16,25,11,0.014,0.834,0.1118,0.145,0.1
713,"CAGL0D03564g",1,0.985,1223,2,138,17,4,0.045,0.86,0.0998,0.095,0.105
714,"CAGL0I01496g",1,0.71,2612,9,234,16,9,0.064,0.389,0.0789,0.065,0.0783
715,"CAGL0B03487g",1,0.91,3417,8,751,21,17,0.021,0.915,0.0726,0.115,0.0883
716,"CAGL0K08888g",1,0.74,2504,10,584,0,0,0.079,0.369,0.0942,0.0983,0.0783
717,"CAGL0L09801g",1,0.815,1601,7,567,5,9,0.071,0.632,0.0762,0.0783,0.0733
718,"CAGL0L00781g",1,1,2123,1,23,28,21,0.009,0.995,0.0782,0.0733,0.0817
719,"CAGL0F01595g",1,0.73,1522,11,218,5,6,0.094,0.601,0.0979,0.115,0.0867
720,"CAGL0I03234g",1,1,676,1,1,2,5,0.051,0.864,0.1036,0.0967,0.075
721,"CAGL0I05434g",1,0.935,1499,5,30,0,0,0.052,0.748,0.1054,0.11,0.0717
722,"CAGL0I07579g",1,0.99,1569,5,69,5,15,0.049,0.901,0.0962,0.1183,0.1117
723,"CAGL0J04928g",1,1,3352,0,0,9,10,0,1,0.0898,0.145,0.1067
724,"CAGL0K12848g",1,0.99,1023,1,44,33,8,0.021,0.981,0.0987,0.0983,0.1067
725,"CAGL0F07843g",1,0.96,2624,4,26,0,3,0.072,0.869,0.1086,0.115,0.1017
726,"CAGL0L02057g",1,0.755,1639,3,62,19,7,0.035,0.455,0.0921,0.0933,0.1067
727,"CAGL0G01672g",1,0.975,1692,7,47,14,0,0.073,0.879,0.094,0.0967,0.1017
728,"CAGL0H01419g",1,1,1980,1,64,27,0,0.012,0.98,0.1015,0.0833,0.105
729,"CAGL0G02805g",1,1,1013,0,0,7,11,0,1,0.0997,0.125,0.12
730,"CAGL0L04532g",1,0.875,3843,26,915,8,4,0.103,0.669,0.0872,0.0667,0.1017
731,"CAGL0K07854g",1,0.96,684,5,40,4,7,0.318,0.839,0.0877,0.095,0.095
732,"CAGL0K04477g",1,0.92,1306,3,21,19,6,0.047,0.744,0.0773,0.0833,0.0867
733,"CAGL0K05357g",1,0.855,1960,10,484,6,5,0.121,0.679,0.0883,0.07,0.1033
734,"CAGL0L02365g",1,0.65,2113,17,416,2,6,0.201,0.428,0.098,0.0933,0.11
735,"CAGL0M03531g",1,0.88,3262,9,184,7,4,0.059,0.54,0.0923,0.0883,0.1017
736,"CAGL0M03487g",1,0.79,2130,8,760,11,13,0.086,0.624,0.0732,0.06,0.095
737,"CAGL0E00935g",1,0.94,794,1,6,0,0,0.093,0.923,0.0516,0.075,0.05
738,"CAGL0H00957g",1,0.955,1323,1,72,8,5,0.039,0.717,0.0869,0.07,0.1033
739,"CAGL0J08008g",1,0.93,1510,1,1,0,0,0.037,0.59,0.1053,0.13,0.12
740,"CAGL0H01001g",1,1,1622,0,0,5,1,0,1,0.0869,0.08,0.0833
741,"CAGL0A04807g",1,0.68,2808,22,365,14,13,0.152,0.329,0.109,0.11,0.1117
742,"CAGL0G02783g",1,0.96,1670,2,31,6,5,0.018,0.914,0.1168,0.125,0.095
743,"CAGL0A02695g",1,0.95,2139,3,23,1,3,0.11,0.836,0.0697,0.0667,0.04
744,"CAGL0L04862g",1,1,2130,0,0,35,5,0,1,0.0756,0.1217,0.125
745,"CAGL0M11550g",1,0.885,2078,2,6,10,1,0.037,0.545,0.0987,0.09,0.085
746,"CAGL0G04015g",1,0.995,3235,3,42,14,10,0.02,0.929,0.0788,0.0667,0.1117
747,"CAGL0I08239g",1,0.945,1749,3,128,11,28,0.01,0.69,0.0943,0.1217,0.115
748,"CAGL0G06248g",1,0.995,1370,0,0,0,8,0,1,0.0971,0.1133,0.1033
749,"CAGL0H09372g",1,0.965,1385,8,254,33,18,0.07,0.886,0.0801,0.085,0.0783
750,"CAGL0J02376g",1,0.78,1895,70,21249,0,6,0.407,0.401,0.085,0.07,0.1233
751,"CAGL0D01650g",1,1,1208,0,0,2,3,0,1,0.0977,0.11,0.1267
752,"CAGL0M12166g",1,0.95,2503,1,1,0,49,0.01,0.585,0.1071,0.1033,0.0867
753,"CAGL0E01551g",1,0.985,880,1,4,19,5,0.032,0.992,0.0614,0.0717,0.07
754,"CAGL0M03091g",1,1,2620,0,0,10,1,0,1,0.1099,0.1133,0.1067
755,"CAGL0G10043g",1,0.74,2019,13,290,2,3,0.119,0.53,0.11,0.1133,0.1183
756,"CAGL0I07975g",1,0.7,2406,65,3403,11,2,0.265,0.38,0.1014,0.105,0.11
757,"CAGL0G04367g",1,0.995,2315,2,21,3,3,0.026,0.825,0.0955,0.1133,0.08
758,"CAGL0G07909g",1,0.995,1137,1,67,6,1,0.041,0.856,0.1038,0.1133,0.0767
759,"CAGL0L05368g",1,0.87,2356,4,386,0,2,0.028,0.582,0.0951,0.0917,0.09
760,"CAGL0A04059g",1,0.725,1933,20,760,1,3,0.19,0.755,0.0652,0.05,0.0567
761,"CAGL0D03498g",1,0.95,800,3,89,17,2,0.086,0.918,0.075,0.0817,0.0733
762,"CAGL0E05390g",1,0.985,3531,4,16,4,5,0.044,0.903,0.0903,0.1117,0.095
763,"CAGL0H07007g",1,0.805,1793,41,2012,2,6,0.657,0.514,0.0831,0.1083,0.105
764,"CAGL0H02409g",1,1,707,0,0,2,11,0,1,0.1004,0.115,0.095
765,"CAGL0K12100g",1,0.93,1367,3,28,19,4,0.091,0.744,0.0841,0.0833,0.105
766,"CAGL0K11726g",1,0.975,1857,2,150,4,15,0.034,0.806,0.0845,0.0917,0.055
767,"CAGL0M11616g",1,1,14750,1,1,35,11,0.001,0.972,0.1023,0.115,0.1083
768,"CAGL0K05533g",1,1,782,1,4,4,1,0.084,0.916,0.0997,0.1,0.0967
769,"CAGL0A00407g",1,0.835,1978,17,391,17,11,0.077,0.584,0.1067,0.1017,0.0867
770,"CAGL0A00847g",1,0.665,1505,33,1598,12,8,0.244,0.406,0.1143,0.0883,0.1117
771,"CAGL0J09350g",1,0.98,2651,4,132,7,5,0.031,0.937,0.0773,0.0833,0.0867
772,"CAGL0L06908g",1,0.825,1969,11,194,15,27,0.123,0.735,0.095,0.0933,0.0783
773,"CAGL0I00594g",1,0.845,1209,6,244,6,14,0.081,0.695,0.0827,0.1133,0.1067
774,"CAGL0A04719g",1,1,1060,2,29,4,10,0.03,0.906,0.0896,0.1067,0.1083
775,"CAGL0J08932g",1,1,1130,1,5,0,3,0.047,0.971,0.1035,0.09,0.1083
776,"CAGL0J01067g",1,0.91,1375,3,32,1,4,0.078,0.761,0.1091,0.0867,0.0733
777,"CAGL0G03113g",1,1,1115,1,8,0,2,0.021,0.882,0.1085,0.1067,0.095
778,"CAGL0K03795g",1,0.985,4062,5,286,4,2,0.026,0.709,0.0982,0.0833,0.1183
779,"CAGL0M09559g",1,0.99,2570,3,11,5,10,0.023,0.762,0.0992,0.0967,0.1283
780,"CAGL0M11506g",1,1,1243,1,2,10,10,0.022,0.949,0.0893,0.0917,0.1083
781,"CAGL0K11374g",1,1,2737,1,3,2,3,0.007,0.991,0.0917,0.0933,0.1117
782,"CAGL0D05588g",1,0.965,1583,10,233,28,17,0.051,0.848,0.0967,0.1083,0.1167
783,"CAGL0L01925g",1,1,2299,2,29,16,15,0.029,0.929,0.0961,0.0617,0.1067
784,"CAGL0G08041g",1,0.655,4381,89,5462,12,7,0.549,0.326,0.0847,0.0667,0.08
785,"CAGL0G06974g",1,0.995,462,0,0,13,2,0,1,0.0693,0.08,0.095
786,"CAGL0J05610g",1,0.87,4598,6,116,9,7,0.086,0.699,0.1013,0.1167,0.1133
787,"CAGL0K06215g",1,0.955,1957,3,273,0,17,0.031,0.864,0.1145,0.0983,0.1017
788,"CAGL0L12672g",1,0.985,2233,1,2,6,3,0.016,0.718,0.0905,0.095,0.0683
789,"CAGL0J02442g",1,0.995,1600,1,3,5,9,0.009,0.969,0.0762,0.1117,0.0717
790,"CAGL0L10021g",1,0.79,3052,30,917,4,6,0.159,0.548,0.1055,0.075,0.135
791,"CAGL0F05555g",1,0.97,1011,3,8,5,4,0.123,0.965,0.093,0.0983,0.0867
792,"CAGL0K06589g",1,0.955,909,2,97,14,9,0.068,0.9,0.0825,0.11,0.1
793,"CAGL0M06853g",1,0.975,1737,2,58,1,7,0.035,0.904,0.1146,0.1283,0.0883
794,"CAGL0F02739g",1,0.875,4000,6,30,4,20,0.018,0.417,0.1032,0.105,0.1067
795,"CAGL0G10109g",1,0.815,3640,86,7153,9,7,0.42,0.633,0.0995,0.115,0.1083
796,"CAGL0G02167g",1,0.915,3076,11,225,2,15,0.064,0.774,0.0985,0.1017,0.1167
797,"CAGL0G01760g",1,0.95,2794,9,182,20,4,0.059,0.868,0.0966,0.105,0.0883
798,"CAGL0D03740g",1,0.93,1191,6,101,1,26,0.185,0.717,0.0781,0.0917,0.0767
799,"CAGL0J01045g",1,0.985,2801,4,48,0,0,0.039,0.859,0.0985,0.065,0.115
800,"CAGL0J11066g",1,0.99,2138,0,0,13,5,0,1,0.1001,0.09,0.125
801,"CAGL0I08349g",1,0.87,2326,16,310,4,16,0.09,0.64,0.0946,0.1117,0.1067
802,"CAGL0K11022g",1,0.84,1284,6,162,0,4,0.198,0.651,0.0794,0.105,0.0667
803,"CAGL0J08228g",1,0.6,4629,14,402,4,0,0.071,0.302,0.1026,0.1117,0.125
804,"CAGL0K06369g",1,0.995,1194,0,0,5,2,0,1,0.1013,0.085,0.105
805,"CAGL0E05500g",1,0.845,8397,44,1427,0,9,0.095,0.587,0.1054,0.0983,0.1117
806,"CAGL0M01782g",1,1,2481,0,0,7,5,0,1,0.104,0.1167,0.0767
807,"CAGL0F07337g",1,1,2052,1,2,9,8,0.016,0.955,0.0999,0.09,0.1083
808,"CAGL0I03718g",1,0.995,3983,2,3,8,2,0.045,0.807,0.0899,0.105,0.0867
809,"CAGL0K12650g",1,0.975,2275,5,163,36,21,0.041,0.765,0.098,0.105,0.0867
810,"CAGL0L02673g",1,0.885,3106,26,643,9,4,0.166,0.517,0.0898,0.1017,0.0767
811,"CAGL0L04350g",1,0.945,439,1,8,7,2,0.061,0.941,0.0888,0.1017,0.1183
812,"CAGL0L13200g",1,0.95,1237,2,6,1,11,0.057,0.763,0.0833,0.0833,0.0633
813,"CAGL0M13453g",1,0.85,2714,5,195,0,0,0.091,0.712,0.1087,0.0983,0.1233
814,"CAGL0F07645g",1,0.69,2958,17,306,11,1,0.086,0.4,0.1068,0.0967,0.105
815,"CAGL0H07535g",1,0.995,897,0,0,5,25,0,1,0.0658,0.0917,0.0833
816,"CAGL0J10824g",1,0.685,3016,8,134,4,11,0.109,0.42,0.0952,0.105,0.1183
817,"CAGL0K01925g",1,0.645,1930,20,368,15,7,0.148,0.48,0.0782,0.12,0.0483
818,"CAGL0L02915g",1,0.885,2700,3,34,7,14,0.021,0.436,0.0807,0.115,0.0717
819,"CAGL0F06721g",1,0.985,807,1,4,2,9,0.059,0.853,0.0682,0.0867,0.09
820,"CAGL0K01551g",1,1,3130,0,0,16,5,0,1,0.0968,0.08,0.11
821,"CAGL0G00990g",1,0.785,1133,6,86,4,29,0.055,0.66,0.0777,0.0783,0.0917
822,"CAGL0K07095g",1,0.995,1877,2,101,15,2,0.031,0.816,0.0954,0.1017,0.1167
823,"CAGL0L11858g",1,0.975,2308,2,11,5,4,0.043,0.864,0.0923,0.1067,0.06
824,"CAGL0E01617g",1,0.915,3078,15,1090,9,15,0.115,0.623,0.0835,0.095,0.1033
825,"CAGL0H05555g",1,0.995,1393,1,28,5,0,0.018,0.965,0.1005,0.1167,0.0867
826,"CAGL0J09614g",1,0.945,777,1,28,11,6,0.062,0.864,0.0785,0.065,0.0667
827,"CAGL0I09328g",1,1,1256,1,58,24,4,0.015,0.912,0.0764,0.0817,0.0867
828,"CAGL0J11440g",1,1,2153,1,11,0,4,0.013,0.907,0.0915,0.1083,0.0983
829,"CAGL0M03575g",1,0.795,2114,33,1884,16,0,0.57,0.543,0.0648,0.0583,0.0967
830,"CAGL0J00209g",1,0.88,1488,7,232,4,15,0.089,0.753,0.1001,0.0967,0.1033
831,"CAGL0K01837g",1,0.955,1522,7,77,0,0,0.079,0.806,0.0795,0.0817,0.0583
832,"CAGL0M05005g",1,0.945,799,4,182,8,5,0.184,0.86,0.0814,0.07,0.0783
833,"CAGL0L06754g",1,0.955,1458,2,3,25,3,0.018,0.501,0.0892,0.115,0.1167
834,"CAGL0J00957g",1,0.9,843,4,117,0,14,0.113,0.862,0.0652,0.0567,0.085
835,"CAGL0L11242g",1,0.96,1002,2,65,2,0,0.088,0.877,0.1108,0.1317,0.105
836,"CAGL0J11220g",1,0.795,3151,66,3119,4,3,0.436,0.398,0.087,0.0883,0.07
837,"CAGL0H03091g",1,0.72,1115,4,88,3,3,0.28,0.507,0.0951,0.1267,0.085
838,"CAGL0A04015g",1,1,1527,0,0,4,14,0,1,0.0668,0.13,0.085
839,"CAGL0J11264g",1,0.99,1428,4,13,3,2,0.061,0.868,0.0917,0.11,0.0983
840,"CAGL0K03135g",1,0.765,760,7,130,34,36,0.068,0.564,0.1092,0.0967,0.1133
841,"CAGL0F05643g",1,0.96,1975,4,11,7,0,0.072,0.869,0.0937,0.0817,0.1083
842,"CAGL0G07975g",1,1,2061,2,62,8,4,0.027,0.931,0.1009,0.085,0.1067
843,"CAGL0M01430g",1,0.895,2433,2,7,5,8,0.036,0.477,0.097,0.1033,0.095
844,"CAGL0F08151g",1,0.965,2159,6,219,0,10,0.069,0.85,0.0824,0.09,0.0933
845,"CAGL0K01045g",1,0.755,3250,14,293,8,6,0.103,0.342,0.0929,0.0983,0.0767
846,"CAGL0G01144g",1,1,3303,2,27,35,13,0.005,0.943,0.0929,0.125,0.125
847,"CAGL0M14003g",1,0.98,943,2,31,6,25,0.057,0.894,0.0986,0.07,0.0817
848,"CAGL0M12595g",1,0.95,862,2,8,4,0,0.042,0.723,0.0696,0.0517,0.0783
849,"CAGL0F02123g",1,0.95,1500,10,73,29,36,0.073,0.791,0.0967,0.0867,0.0867
850,"CAGL0C00737g",1,1,2566,0,0,11,10,0,1,0.1009,0.115,0.1217
851,"CAGL0C04235g",1,0.915,1363,3,30,15,14,0.012,0.503,0.1056,0.1233,0.1
852,"CAGL0I04906g",1,1,963,1,35,9,11,0.024,0.973,0.1007,0.1133,0.12
853,"CAGL0J11726g",1,0.665,3724,30,1028,7,30,0.131,0.335,0.0854,0.1033,0.1167
854,"CAGL0L08756g",1,0.73,4092,8,692,23,8,0.025,0.48,0.0965,0.08,0.0983
855,"CAGL0G09933g",1,0.97,758,6,111,6,12,0.234,0.817,0.1003,0.1167,0.0933
856,"CAGL0L09647g",1,0.995,1555,2,11,14,11,0.022,0.736,0.072,0.095,0.1017
857,"CAGL0H04697g",1,0.965,3979,16,376,10,9,0.105,0.775,0.0973,0.0917,0.09
858,"CAGL0J09218g",1,0.87,2889,5,39,7,38,0.028,0.58,0.1118,0.1267,0.1017
859,"CAGL0I07645g",1,1,1123,1,9,9,0,0.018,0.908,0.0819,0.105,0.0633
860,"CAGL0K07656g",1,1,2262,2,4,5,7,0.013,0.887,0.111,0.1067,0.1067
861,"CAGL0A02112g",1,0.97,2339,7,184,0,2,0.051,0.938,0.0902,0.0883,0.1083
862,"CAGL0K12012g",1,0.925,2295,11,146,10,3,0.098,0.846,0.0902,0.0633,0.0867
863,"CAGL0F03597g",1,1,1693,2,19,5,1,0.029,0.916,0.0986,0.1033,0.1083
864,"CAGL0L04664g",1,0.87,2343,29,800,2,10,0.213,0.625,0.099,0.1117,0.1083
865,"CAGL0D05874g",1,0.915,1907,8,77,24,50,0.025,0.699,0.0839,0.09,0.0983
866,"CAGL0H02937g",1,1,2087,0,0,11,2,0,1,0.093,0.105,0.1133
867,"CAGL0I03806g",1,0.975,2833,4,96,4,0,0.052,0.856,0.0953,0.095,0.0733
868,"CAGL0K09966g",1,0.895,2780,13,1460,0,11,0.146,0.76,0.0791,0.1017,0.0833
869,"CAGL0L03564g",1,0.815,1160,14,682,14,2,0.355,0.732,0.0914,0.0883,0.1283
870,"CAGL0K08558g",1,1,2585,0,0,9,2,0,1,0.1099,0.1167,0.1117
871,"CAGL0F08129g",1,1,2385,0,0,2,6,0,1,0.0755,0.0633,0.095
872,"CAGL0H01463g",1,0.975,4160,6,134,0,9,0.034,0.983,0.1022,0.1083,0.0933
873,"CAGL0H05159g",1,0.975,1882,5,20,26,18,0.047,0.756,0.1079,0.1283,0.12
874,"CAGL0L12364g",1,0.875,1859,35,1320,5,8,0.446,0.65,0.0791,0.0917,0.0883
875,"CAGL0M02959g",1,0.885,3111,9,200,7,4,0.071,0.54,0.1013,0.09,0.1
876,"CAGL0M05423g",1,0.96,3010,10,432,16,20,0.109,0.926,0.0787,0.09,0.0817
877,"CAGL0H08283g",1,0.875,576,3,66,10,42,0.048,0.705,0.0816,0.1133,0.095
878,"CAGL0J05346g",1,0.82,2184,13,105,18,1,0.186,0.689,0.092,0.1083,0.1167
879,"CAGL0I03630g",1,1,1678,0,0,1,1,0,1,0.0816,0.095,0.105
880,"CAGL0H02079g",1,0.975,1108,2,42,1,8,0.05,0.877,0.102,0.0783,0.1217
881,"CAGL0H10230g",1,0.99,1999,3,40,10,6,0.021,0.902,0.098,0.0783,0.0933
882,"CAGL0K05049g",1,0.915,5198,51,2388,1,7,0.182,0.533,0.0975,0.1033,0.0917
883,"CAGL0H08932g",1,1,3406,5,95,5,5,0.018,0.968,0.1004,0.12,0.0983
884,"CAGL0M01364g",1,0.84,1383,3,151,33,8,0.059,0.628,0.0918,0.0833,0.0783
885,"CAGL0A00209g",1,0.915,2437,9,273,2,72,0.072,0.941,0.0812,0.0567,0.1117
886,"CAGL0M04961g",1,0.785,1370,3,11,5,7,0.06,0.488,0.0927,0.1167,0.0967
887,"CAGL0G01804g",1,0.875,1777,7,163,3,0,0.074,0.766,0.0647,0.0667,0.1017
888,"CAGL0L09471g",1,1,1486,1,23,0,6,0.007,0.974,0.0922,0.09,0.0967
889,"CAGL0C01727g",1,0.92,2735,31,1022,42,35,0.199,0.516,0.0834,0.0883,0.0867
890,"CAGL0F08459g",1,0.865,2807,7,223,6,6,0.065,0.933,0.0998,0.12,0.0683
891,"CAGL0I02398g",1,0.975,1956,2,7,8,5,0.031,0.679,0.0941,0.1,0.1133
892,"CAGL0I05566g",1,0.93,1390,6,56,2,9,0.078,0.717,0.0885,0.0933,0.0983
893,"CAGL0B02189g",1,1,3388,2,8,9,2,0.02,0.931,0.1036,0.1117,0.0883
894,"CAGL0G04587g",1,1,1393,2,27,3,1,0.05,0.944,0.1041,0.1133,0.0883
895,"CAGL0M12859g",1,0.92,3265,13,782,14,13,0.095,0.841,0.0937,0.1067,0.1
896,"CAGL0F04983g",1,1,1950,2,8,4,1,0.024,0.993,0.1036,0.1183,0.1267
897,"CAGL0J07260g",1,0.925,1917,6,216,6,12,0.06,0.829,0.0782,0.1233,0.0683
898,"CAGL0B04125g",1,0.93,1990,24,1009,22,17,0.131,0.573,0.096,0.0867,0.0717
899,"CAGL0D02156g",1,0.975,1114,2,73,0,1,0.059,0.927,0.0826,0.0833,0.07
900,"CAGL0L07348g",1,0.99,3912,3,7,0,0,0.026,0.93,0.103,0.0817,0.0917
901,"CAGL0F07403g",1,0.845,1996,5,254,11,0,0.052,0.56,0.0932,0.0867,0.1167
902,"CAGL0B00484g",1,0.99,2593,1,1,4,1,0.007,0.549,0.1057,0.1233,0.115
903,"CAGL0M12991g",1,1,2312,2,4,6,3,0.027,0.917,0.0869,0.1033,0.09
904,"CAGL0L10890g",1,0.935,2526,34,857,7,4,0.19,0.561,0.0974,0.09,0.1033
905,"CAGL0F00451g",1,0.89,2310,12,312,3,4,0.072,0.558,0.1004,0.09,0.1067
906,"CAGL0H05731g",1,0.905,1556,6,118,0,6,0.139,0.747,0.0932,0.1133,0.0883
907,"CAGL0I01826g",1,0.715,1569,14,1177,5,4,0.216,0.495,0.0937,0.0767,0.085
908,"CAGL0I06688g",1,0.78,1782,5,65,2,0,0.059,0.594,0.0999,0.0933,0.0967
909,"CAGL0E06490g",1,0.95,1713,1,1,7,25,0.01,0.62,0.0811,0.1267,0.0967
910,"CAGL0E05126g",1,0.985,1170,1,1,10,7,0.029,0.739,0.1009,0.1167,0.1267
911,"CAGL0E00451g",1,0.95,6614,5,202,7,8,0.02,0.574,0.1075,0.0917,0.1033
912,"CAGL0I06490g",1,0.725,1696,7,425,15,19,0.107,0.369,0.0855,0.085,0.0717
913,"CAGL0H01551g",1,0.985,1749,6,204,4,1,0.209,0.794,0.0972,0.0733,0.0983
914,"CAGL0J04070g",1,0.97,811,2,112,9,8,0.034,0.808,0.0937,0.0667,0.0917
915,"CAGL0K08954g",1,1,859,0,0,7,2,0,1,0.1106,0.1083,0.095
916,"CAGL0J06248g",1,0.925,5668,3,46,0,11,0.018,0.469,0.1064,0.12,0.12
917,"CAGL0F08613g",1,0.975,2121,4,35,6,9,0.041,0.977,0.0976,0.1233,0.11
918,"CAGL0K08866g",1,1,1205,0,0,6,7,0,1,0.1004,0.1017,0.1067
919,"CAGL0A02794g",1,0.985,1035,1,2,2,9,0.056,0.97,0.0908,0.1,0.1017
920,"CAGL0L03410g",1,0.95,2471,5,76,34,12,0.044,0.742,0.0911,0.0533,0.095
921,"CAGL0I02464g",1,0.995,2739,1,7,2,1,0.007,0.971,0.0723,0.0867,0.05
922,"CAGL0H07425g",1,0.995,1206,1,2,4,3,0.012,0.727,0.1028,0.12,0.0967
923,"CAGL0G06666g",1,0.98,4548,6,65,15,3,0.036,0.763,0.0972,0.0883,0.1033
924,"CAGL0J03850g",1,0.81,1018,29,1841,2,27,0.533,0.695,0.0963,0.0717,0.08
925,"CAGL0G00726g",1,0.945,2138,19,1117,8,6,0.058,0.924,0.1085,0.1017,0.0967
926,"CAGL0I02354g",1,0.995,1492,0,0,3,3,0,1,0.0972,0.1133,0.1
927,"CAGL0J00605g",1,0.975,3246,1,4,12,1,0.006,0.538,0.0933,0.0967,0.09
928,"CAGL0K03861g",1,0.995,1727,1,24,9,29,0.01,0.989,0.0921,0.1283,0.1
929,"CAGL0H02739g",1,0.985,1830,4,64,13,23,0.08,0.873,0.0885,0.095,0.1083
930,"CAGL0C01639g",1,0.995,1769,3,122,7,5,0.025,0.853,0.0938,0.105,0.0783
931,"CAGL0G09823g",1,0.825,1789,3,19,0,0,0.052,0.646,0.095,0.0883,0.1
932,"CAGL0G03091g",1,1,3318,0,0,7,1,0,1,0.0943,0.1033,0.1117
933,"CAGL0D04180g",1,1,2250,0,0,15,4,0,1,0.0902,0.0833,0.0833
934,"CAGL0K00319g",1,0.955,3490,13,137,63,19,0.041,0.93,0.0937,0.0867,0.115
935,"CAGL0G07843g",1,0.96,2538,3,38,3,0,0.053,0.79,0.091,0.0983,0.0967
936,"CAGL0M01298g",1,0.88,1524,6,302,6,9,0.098,0.695,0.105,0.0983,0.08
937,"CAGL0K08140g",1,0.78,742,3,163,3,1,0.126,0.705,0.1051,0.12,0.1033
938,"CAGL0I06721g",1,0.715,273,3,143,0,37,0.232,0.516,0.0916,0.095,0.11
939,"CAGL0B04499g",1,0.675,2039,24,626,33,19,0.065,0.417,0.076,0.0733,0.0817
940,"CAGL0K05313g",1,1,1839,0,0,2,7,0,1,0.0919,0.11,0.0833
941,"CAGL0H08019g",1,0.77,1941,15,393,28,1,0.157,0.493,0.0999,0.0917,0.0883
942,"CAGL0M03993g",1,1,1075,1,10,3,0,0.033,0.794,0.08,0.1333,0.0883
943,"CAGL0J01848g",1,0.945,4036,19,2557,19,20,0.076,0.965,0.0922,0.0867,0.075
944,"CAGL0H06897g",1,0.915,815,3,39,4,0,0.103,0.714,0.1006,0.1067,0.115
945,"CAGL0G05071g",1,0.835,2330,5,186,14,10,0.066,0.704,0.0751,0.0883,0.075
946,"CAGL0J03245g",1,0.975,555,1,5,21,6,0.03,0.989,0.1045,0.1283,0.1133
947,"CAGL0D04466g",1,0.995,853,1,16,4,4,0.027,0.999,0.1008,0.0933,0.0917
948,"CAGL0F00539g",1,0.995,2393,4,52,0,4,0.027,0.797,0.099,0.0933,0.0933
949,"CAGL0M11836g",1,1,1058,1,15,3,0,0.017,0.974,0.0945,0.0683,0.0867
950,"CAGL0J00759g",1,0.97,5711,6,135,15,1,0.021,0.949,0.1086,0.13,0.0883
951,"CAGL0L03740g",1,0.975,1189,4,79,9,40,0.046,0.933,0.095,0.1067,0.09
952,"CAGL0G03465g",1,0.655,2020,18,188,1,0,0.204,0.321,0.1084,0.0783,0.1033
953,"CAGL0E02453g",1,0.745,810,14,293,9,32,0.122,0.52,0.1037,0.1183,0.08
954,"CAGL0M11104g",1,0.985,581,2,22,12,13,0.046,0.762,0.0878,0.075,0.0783
955,"CAGL0D02150g",1,0.995,608,0,0,16,0,0,1,0.0888,0.0733,0.0633
956,"CAGL0J06952g",1,0.72,2807,34,749,11,5,0.293,0.423,0.0983,0.0733,0.0667
957,"CAGL0L03025g",1,0.79,1205,8,223,12,3,0.122,0.705,0.1062,0.1017,0.1
958,"CAGL0G09317g",1,0.965,1361,4,146,0,1,0.06,0.804,0.1043,0.1133,0.1
