"Standard name","Hermes probability"
"S000002142",0.235
"S000028593",0.35
"S000000062",0
"S000002141",0.055
"S000002140",0.06
"S000000060",0.165
"S000028813",0.165
"S000000058",0
"S000000057",0
"S000000056",0
"S000000055",0
"S000000054",0.005
"S000000052",0.29
"S000000051",0
"S000000050",0
"S000000049",0
"S000000048",0
"S000000047",0
"S000000046",0
"S000000045",0.85
"S000000044",0.02
"S000007586",0
"S000000042",0.12
"S000000041",0.95
"S000000040",0
"S000000039",0.575
"S000000038",0.005
"S000000037",0
"S000000036",0.985
"S000028732",0.17
"S000000035",0
"S000000034",0.005
"S000000033",0.605
"S000000032",0.955
"S000002134",0
"S000000031",0.835
"S000000030",0.65
"S000000029",0
"S000000028",0.005
"S000000027",0
"S000000026",0
"S000000025",0.01
"S000000024",0.765
"S000000023",0.975
"S000000022",0
"S000000021",0.005
"S000000020",0
"S000000019",0.175
"S000000018",0
"S000000017",0.005
"S000000016",0
"S000000015",0
"S000000014",0.915
"S000000013",0
"S000000012",0.01
"S000000011",0.66
"S000000010",0.005
"S000000009",0
"S000000008",0.325
"S000000007",0.015
"S000000006",0.055
"S000000005",0.005
"S000000003",0.99
"S000000002",0.265
"S000000001",0.99
"S000000063",0
"S000002129",0.005
"S000000064",0.155
"S000000065",0.965
"S000000066",0.975
"S000000069",0.05
"S000000070",0.115
"S000000071",0
"S000000072",0.965
"S000000073",0.325
"S000000074",0
"S000000075",0.405
"S000000076",0
"S000000077",0.24
"S000000080",0.005
"S000028595",0.33
"S000000081",0.06
"S000000203",0
"S000000202",0
"S000000201",0.98
"S000000200",0
"S000000199",0.005
"S000000198",0.005
"S000000197",0
"S000028598",0.06
"S000000195",0.405
"S000000194",0
"S000000193",0.97
"S000000191",0.015
"S000000189",0.225
"S000000188",0.88
"S000007228",0
"S000000187",0
"S000000186",0.41
"S000000185",0
"S000000184",0
"S000000183",0
"S000000182",0.01
"S000000181",0
"S000000180",0.95
"S000000178",0.015
"S000000177",0
"S000000176",0.025
"S000000175",0.005
"S000000174",0.06
"S000000172",0.925
"S000000171",0
"S000000170",0.76
"S000028597",0.125
"S000007587",0
"S000000165",0
"S000000164",0.005
"S000000163",0
"S000000162",0
"S000000160",0
"S000000159",0.02
"S000000157",0
"S000000156",0
"S000007488",0.695
"S000000155",0.005
"S000000154",0.05
"S000000153",0
"S000000152",0
"S000000151",0
"S000000150",0
"S000000148",0
"S000000147",0.005
"S000000146",0.915
"S000000145",0.065
"S000000143",0.005
"S000000142",0
"S000000141",0.635
"S000000140",0.005
"S000000139",0
"S000000138",0
"S000000137",0.96
"S000000136",0.725
"S000028517",0.285
"S000000135",0
"S000000134",0.525
"S000000133",0
"S000000132",0
"S000000131",0.945
"S000000130",0.745
"S000000129",0.68
"S000000128",0.045
"S000000127",0
"S000000126",0.27
"S000007591",0.01
"S000000125",0
"S000000124",0.07
"S000000123",0.01
"S000000122",0.9
"S000000121",0.935
"S000000120",0
"S000000119",0.97
"S000000118",0.005
"S000000117",0.06
"S000000116",0.885
"S000000115",0
"S000000114",0.83
"S000000113",0
"S000000112",0
"S000000111",0
"S000000110",0.885
"S000000109",0
"S000000107",0.01
"S000000106",0
"S000000105",0
"S000028529",0
"S000000104",0
"S000000103",0.195
"S000000102",0
"S000000101",0.005
"S000000100",0.93
"S000000099",0.005
"S000000098",0
"S000000097",0
"S000000205",0
"S000000206",0.68
"S000000207",0
"S000000208",0.975
"S000000209",0.045
"S000000210",0
"S000000211",0.01
"S000000212",0
"S000000213",0
"S000000214",0.005
"S000000215",0.955
"S000000217",0
"S000000218",0.005
"S000000219",0
"S000000220",0.005
"S000000221",0.905
"S000000222",0.03
"S000000223",0.12
"S000000224",0
"S000000225",0.35
"S000000226",0
"S000000227",0
"S000000228",0.005
"S000000229",0
"S000000230",0
"S000000232",0
"S000000233",0.935
"S000000234",0
"S000000237",0
"S000000238",0
"S000000239",0.32
"S000000240",0.76
"S000000241",0.015
"S000000242",0.95
"S000000243",0.315
"S000000244",0.36
"S000000245",0
"S000000246",0
"S000000247",0
"S000000248",0
"S000000249",0
"S000000250",0
"S000000251",0.005
"S000000252",0
"S000000253",0.625
"S000000254",0
"S000000256",0
"S000000257",0
"S000000258",0
"S000000259",0.98
"S000000260",0
"S000028736",0.025
"S000000261",0.025
"S000000262",0
"S000007521",0.985
"S000000263",0.015
"S000000264",0.99
"S000000265",0.645
"S000000266",0
"S000000267",0
"S000000269",0
"S000000270",0.005
"S000000271",0.005
"S000000272",0.32
"S000000273",0.02
"S000000274",0.85
"S000000275",0.025
"S000000276",0.015
"S000028532",0.015
"S000000277",0
"S000000278",0
"S000000280",0
"S000000281",0
"S000000282",0.005
"S000000283",0.905
"S000000284",0.975
"S000000285",0.305
"S000000286",0
"S000000287",0
"S000000288",0
"S000002156",0.005
"S000000289",0
"S000007522",0.03
"S000000290",0.01
"S000000291",0.915
"S000000292",0.985
"S000002157",0.025
"S000000294",0
"S000000295",0.995
"S000000296",0
"S000000297",0
"S000000298",0
"S000000299",0.305
"S000000300",0.06
"S000000301",0.265
"S000000302",0.015
"S000000305",0.005
"S000000306",0.975
"S000000307",0
"S000000308",0
"S000000309",0
"S000000310",0
"S000000311",0.01
"S000000312",0
"S000000313",1
"S000000314",0.865
"S000000315",0
"S000028510",0.105
"S000000316",0.065
"S000000318",0
"S000000319",0
"S000000321",0
"S000000323",0
"S000000324",0.225
"S000000325",0.99
"S000000326",0.265
"S000000327",0.785
"S000000329",0.03
"S000000330",0.055
"S000028600",0.04
"S000000331",0.81
"S000000332",0.005
"S000000333",0
"S000000334",0
"S000000335",0.33
"S000000336",0
"S000000337",0
"S000000339",0.915
"S000000340",0.47
"S000000341",0
"S000000342",0.005
"S000000343",0
"S000000344",0.5
"S000000345",0
"S000000346",0.985
"S000000347",0.95
"S000000349",0
"S000000350",0.4
"S000000351",0.015
"S000000352",0
"S000000353",0
"S000000354",0
"S000000355",0.005
"S000000356",0.205
"S000000357",0.895
"S000000358",0.91
"S000000359",0.895
"S000000360",0.88
"S000000361",0
"S000000362",0
"S000000363",0.515
"S000000364",0.955
"S000000365",0
"S000000366",0
"S000002158",0.11
"S000000367",0
"S000000368",0.14
"S000000369",0.005
"S000000370",0.81
"S000000371",0.92
"S000000372",0.55
"S000000373",0
"S000000374",0.855
"S000000375",0.3
"S000000376",0
"S000000377",0.11
"S000000379",0.005
"S000000380",0.39
"S000000381",0
"S000000383",0.255
"S000000384",0
"S000000386",0
"S000028603",0.01
"S000000387",0.01
"S000000388",0
"S000000389",0.01
"S000000390",0
"S000000391",0
"S000000392",0.015
"S000000393",0.8
"S000000395",0.295
"S000000396",0.945
"S000000397",0.95
"S000000398",0.42
"S000000399",0
"S000000400",0.95
"S000028534",0.42
"S000028816",0.005
"S000000401",0.005
"S000000402",0.835
"S000000403",0
"S000000404",0.725
"S000028535",0.455
"S000000405",0.18
"S000087085",0.025
"S000000406",0.94
"S000000407",0
"S000000408",0.215
"S000000409",0
"S000000411",0
"S000000412",0
"S000000414",0.01
"S000000415",0.36
"S000000416",0.04
"S000000417",0
"S000000418",0
"S000000419",0.035
"S000000420",0
"S000000421",0.055
"S000000422",0
"S000000423",0
"S000000424",0
"S000000425",0
"S000028817",0.025
"S000000426",0
"S000000427",0
"S000000429",0
"S000000431",0
"S000000432",0
"S000000433",0
"S000000434",0.005
"S000029722",0.02
"S000000435",0
"S000000437",0
"S000007595",0.57
"S000000438",0.99
"S000000439",0
"S000000440",0.93
"S000000441",0.95
"S000000442",0
"S000000443",0
"S000000444",0
"S000000445",0.015
"S000000446",0
"S000000447",0.96
"S000000448",0.005
"S000000449",0
"S000000450",0
"S000000451",0.97
"S000000452",0
"S000000453",0
"S000000454",0
"S000000455",0.135
"S000000456",0.93
"S000000457",0.735
"S000000458",0.865
"S000000459",0
"S000007649",0.18
"S000000460",0.905
"S000000461",0.78
"S000000462",0
"S000000463",0
"S000000464",0
"S000000465",0
"S000000466",0.07
"S000000467",0.005
"S000000468",0.005
"S000000469",0.935
"S000000471",0.26
"S000000472",0.95
"S000000473",0
"S000000474",0
"S000000475",0.005
"S000000476",0
"S000000477",0
"S000000478",0
"S000000479",0
"S000000480",0
"S000000482",0
"S000000483",0.01
"S000000484",0
"S000000485",0
"S000000486",0.74
"S000000487",0
"S000000488",0
"S000000489",0.005
"S000000490",0
"S000000491",0.005
"S000000492",0.07
"S000000493",0.325
"S000000494",0.005
"S000000495",0
"S000000497",0
"S000000498",0
"S000000499",0.005
"S000000500",0
"S000028605",0
"S000000501",0.005
"S000000502",0
"S000028606",0
"S000000569",0.1
"S000000568",0.005
"S000000566",0
"S000000564",0.96
"S000000563",0.125
"S000028518",0.225
"S000007547",0
"S000000562",0
"S000000561",0.03
"S000000560",0.01
"S000178054",0.445
"S000000559",0.98
"S000000557",0.565
"S000000556",0.06
"S000000555",0
"S000000554",0
"S000087203",0.27
"S000000553",0
"S000000552",0.005
"S000000550",0
"S000000549",0
"S000000548",0.945
"S000000547",0.01
"S000000545",0
"S000000544",0.005
"S000000543",0
"S000000542",0.015
"S000000541",0
"S000000540",0
"S000000539",0
"S000000538",0
"S000000537",0
"S000000536",0.845
"S000000535",0
"S000000534",0
"S000000533",0.015
"S000000532",0
"S000007548",0.01
"S000000589",0.01
"S000000530",0
"S000000529",0
"S000007549",0
"S000000523",0.895
"S000000522",0.56
"S000000521",0
"S000000520",0
"S000029705",0
"S000000517",0
"S000000516",0
"S000000515",0
"S000000514",0.54
"S000028508",0.59
"S000000511",0
"S000000510",0.105
"S000000508",0.005
"S000000507",0
"S000007221",0
"S000007596",0.005
"S000000595",0.29
"S000000596",0.8
"S000000597",0
"S000000598",0
"S000000600",0.01
"S000000601",0
"S000000602",0.295
"S000000603",0
"S000000604",0.03
"S000000605",0.935
"S000000607",0.005
"S000000608",0
"S000000609",0.29
"S000000610",0
"S000000611",0.055
"S000000612",0
"S000000613",0
"S000000614",0.03
"S000006439",0.925
"S000000615",0
"S000000617",0
"S000000618",0.35
"S000028818",0
"S000000619",0.03
"S000000621",0
"S000000622",0.07
"S000000623",0.045
"S000007222",0.65
"S000000626",0
"S000000627",0
"S000000628",0
"S000000629",0
"S000000630",0
"S000000631",0.99
"S000000632",0
"S000000633",0
"S000000638",0.415
"S000000639",0.01
"S000000640",0.585
"S000000641",0
"S000000642",0.385
"S000000643",0.225
"S000000644",0.005
"S000000646",0.08
"S000000647",0
"S000000648",0.54
"S000000649",0.865
"S000000650",0.72
"S000000653",0.94
"S000000655",0.005
"S000000656",0.01
"S000000657",0
"S000000659",0
"S000000661",0
"S000000662",0
"S000000663",0.01
"S000000664",0
"S000000665",0
"S000000667",0.775
"S000000668",0.91
"S000000669",0.005
"S000000718",0
"S000000671",0
"S000028519",0.96
"S000000672",0
"S000000673",0
"S000002133",0
"S000000677",0.06
"S000000678",0.155
"S000000679",0.015
"S000000680",0.2
"S000000682",0
"S000007223",0
"S000000684",0
"S000000685",0
"S000000686",0
"S000000687",0
"S000000688",0
"S000000689",0.95
"S000000690",0.285
"S000000691",0.15
"S000029724",0.03
"S000000694",0.005
"S000000695",0
"S000000696",0.06
"S000000697",0.11
"S000000698",0
"S000000699",0.005
"S000000701",0.18
"S000000702",0
"S000000703",0
"S000000704",0.005
"S000028536",0.01
"S000002402",0
"S000002400",0
"S000002399",0
"S000002398",0
"S000002397",0
"S000002396",0
"S000002395",0
"S000002394",0.565
"S000002393",0
"S000002392",0
"S000002391",0.72
"S000002390",0
"S000002389",0
"S000002386",0
"S000002385",0
"S000002384",0.01
"S000002383",0
"S000002382",0
"S000002381",0
"S000002379",0.225
"S000002378",0.305
"S000002377",0.01
"S000002376",0.805
"S000002375",0
"S000002374",0
"S000002373",0
"S000002372",0
"S000002371",0.635
"S000002370",0
"S000002369",0
"S000002368",0.98
"S000002367",0.92
"S000002366",0.955
"S000002365",0.005
"S000002364",0.92
"S000002363",0.005
"S000002362",0
"S000002361",0.575
"S000002360",0
"S000002359",0
"S000002358",0
"S000002357",0
"S000002356",0
"S000002354",0.96
"S000002353",0
"S000002352",0.985
"S000002351",0.085
"S000002349",0
"S000002348",0
"S000002347",0
"S000002345",0
"S000002344",0.95
"S000002343",0.03
"S000002342",0
"S000002340",0
"S000002339",0
"S000002338",0
"S000002337",0
"S000002336",0
"S000002335",0
"S000002334",0
"S000002333",0
"S000002332",0.21
"S000002330",0.005
"S000002329",0
"S000002328",0.215
"S000002327",0
"S000002326",0
"S000002325",0.89
"S000002324",0.49
"S000002323",0.925
"S000002320",0
"S000028520",0.025
"S000002319",0.15
"S000007599",0.05
"S000002318",0
"S000002316",0.1
"S000002315",0
"S000002314",0
"S000002313",0
"S000002312",0.815
"S000002309",0.96
"S000002308",0
"S000002307",0.83
"S000002306",0.8
"S000002305",0.02
"S000002304",0.975
"S000002303",0
"S000002302",0.985
"S000002301",0.005
"S000002300",0.935
"S000002299",0.93
"S000002298",0.695
"S000002297",0
"S000002296",0
"S000002294",0
"S000002292",0.005
"S000002293",0.265
"S000002291",0
"S000002290",0.865
"S000007232",0.275
"S000002288",0
"S000002287",0.01
"S000002286",0
"S000002285",0
"S000002284",0.925
"S000002283",0
"S000002282",0
"S000002281",0.035
"S000002280",0
"S000002279",0.01
"S000002278",0.37
"S000002277",0
"S000002275",0
"S000002274",0.035
"S000002273",0.07
"S000002272",0.01
"S000002271",0
"S000002270",0
"S000002269",0.99
"S000002268",0
"S000002267",0
"S000002266",0.97
"S000002265",0.005
"S000002264",0.01
"S000002263",0.935
"S000002262",0
"S000002261",0.9
"S000002260",0.825
"S000002259",0
"S000002258",0.005
"S000002257",0
"S000002256",0.145
"S000002255",0.87
"S000002253",0
"S000002251",0
"S000002250",0.655
"S000002249",0
"S000002248",0.825
"S000002247",0
"S000002246",0.005
"S000002245",0.87
"S000002244",0.005
"S000007588",0.09
"S000002243",0
"S000002242",0.95
"S000002241",0
"S000002240",0
"S000002239",0.13
"S000002238",0
"S000002237",0
"S000002236",0
"S000002235",0.245
"S000002234",0.005
"S000002233",0.735
"S000002232",0.34
"S000002231",0
"S000002230",0
"S000002228",0
"S000002227",0.07
"S000002225",0.09
"S000002224",0
"S000002223",0
"S000002222",0.6
"S000002221",0
"S000002219",0.69
"S000002218",0.97
"S000002217",0
"S000002216",0.44
"S000002215",0
"S000002214",0
"S000002213",0.93
"S000002212",0
"S000002211",0.005
"S000002210",0
"S000002209",0.005
"S000002207",0
"S000002206",0.02
"S000002205",0.605
"S000002204",0
"S000006430",0.335
"S000002203",0.945
"S000002202",0.28
"S000002201",0.935
"S000002200",0
"S000002198",0.06
"S000002197",0.01
"S000002195",0.095
"S000002194",0
"S000002193",0
"S000002191",0
"S000002189",0.86
"S000002188",0.945
"S000002187",0.96
"S000002186",0.585
"S000002185",0
"S000002183",0
"S000002182",0
"S000028537",0
"S000002180",0.01
"S000002179",0
"S000002178",0.005
"S000002177",0.005
"S000002176",0.025
"S000002175",0.985
"S000002173",0.81
"S000002172",0.82
"S000002171",0.47
"S000002170",0.01
"S000002168",0.045
"S000002167",0.3
"S000002166",0.645
"S000113557",0.01
"S000002165",0.935
"S000002164",0.36
"S000002163",0.01
"S000002162",0.96
"S000002161",0.98
"S000002160",0
"S000002159",0
"S000002408",0
"S000002409",0.99
"S000002410",0
"S000028819",0.005
"S000002411",0
"S000002412",0.27
"S000002413",0
"S000002414",0.005
"S000002416",0
"S000002418",0
"S000002420",0.78
"S000002421",0.05
"S000113613",0
"S000002423",0.94
"S000002424",0.335
"S000002425",0
"S000002426",0
"S000002427",0.005
"S000002428",0.97
"S000002429",0
"S000002430",0.715
"S000002432",0.01
"S000002433",0
"S000002434",0.915
"S000002435",0.11
"S000002437",0.01
"S000002438",0.02
"S000002439",0
"S000002440",0
"S000002441",0
"S000007233",0.125
"S000007234",0.1
"S000002442",0
"S000002443",0
"S000002444",0.99
"S000002448",0.615
"S000002449",0.005
"S000002450",0.01
"S000002451",0.92
"S000002452",0.905
"S000002453",0
"S000002454",0.68
"S000002456",0.065
"S000002457",0.815
"S000002458",0
"S000002459",0.975
"S000002461",0.5
"S000002462",0
"S000002463",0
"S000002464",0.005
"S000002465",0.005
"S000002466",0
"S000002467",0.985
"S000002468",0
"S000002469",0.985
"S000002470",0
"S000002471",0.98
"S000002472",0
"S000002473",0
"S000002474",0
"S000002475",0.09
"S000002476",0.305
"S000002477",0.085
"S000002478",0.005
"S000002479",0.005
"S000002480",0.005
"S000002481",0.24
"S000002482",0.09
"S000002483",0
"S000002484",0
"S000002485",0
"S000002486",0.1
"S000007603",0.41
"S000002487",0.28
"S000002488",0.8
"S000002489",0.245
"S000002490",0.015
"S000002491",0
"S000002492",0.01
"S000002493",0.98
"S000002494",0.91
"S000002495",0.75
"S000002496",0
"S000002497",0
"S000002498",0.93
"S000002499",0
"S000002500",0
"S000002503",0
"S000002504",0
"S000002505",0.005
"S000002506",0
"S000002507",0
"S000002508",0
"S000002510",0
"S000002511",0
"S000002512",0.005
"S000002513",0
"S000002514",0
"S000002515",0
"S000002516",0
"S000002517",0
"S000002518",0
"S000002520",0.835
"S000002521",0.04
"S000002522",0.955
"S000002523",0.03
"S000002524",0.83
"S000002525",0.655
"S000002526",0.005
"S000113555",0.07
"S000002527",0.045
"S000002528",0
"S000002529",0.005
"S000002530",0.73
"S000002531",0
"S000002532",0
"S000002533",0
"S000002534",0.665
"S000002535",0
"S000002536",0.285
"S000002537",0.01
"S000002538",0
"S000002539",0
"S000002542",0
"S000002544",0.315
"S000002545",0.65
"S000002546",0.005
"S000002547",0.095
"S000002548",0.785
"S000002549",0
"S000002550",0
"S000002551",0
"S000002552",0.95
"S000002553",0
"S000002554",0
"S000002555",0
"S000002558",0
"S000002559",0
"S000002560",0
"S000002562",0.005
"S000002563",0
"S000002565",0
"S000002566",0.175
"S000002567",0.9
"S000002568",0.2
"S000002569",0.02
"S000002570",0.01
"S000002571",0.935
"S000002572",0
"S000002573",0.04
"S000002574",0.99
"S000002575",0.945
"S000002576",0.005
"S000028538",0.18
"S000002577",0.825
"S000002578",0
"S000002579",0.995
"S000002580",0.825
"S000002581",0.015
"S000002582",0.615
"S000002583",0.71
"S000002584",0.125
"S000002585",0
"S000002586",0
"S000002587",0
"S000002588",0.875
"S000002589",0
"S000002590",0.87
"S000028539",0.3
"S000002591",0
"S000002592",0.02
"S000002593",0
"S000002594",0
"S000002596",0.78
"S000002597",1
"S000002598",0.985
"S000002599",0
"S000002600",0
"S000002602",0.105
"S000028541",0.035
"S000002603",0.095
"S000002604",0.94
"S000002605",0.08
"S000002606",0
"S000002608",0.37
"S000002609",0.95
"S000002610",0
"S000002612",0
"S000002613",0
"S000002614",0
"S000002615",0.09
"S000002616",0.88
"S000002618",0.095
"S000002619",0.89
"S000002620",0.98
"S000002621",0
"S000002622",0.01
"S000002624",0
"S000002625",0
"S000002626",0.005
"S000002627",0
"S000002629",0
"S000002630",0
"S000002631",0
"S000002632",0.93
"S000002633",0.145
"S000002634",0.465
"S000002635",0.035
"S000002636",0.99
"S000002637",0
"S000002639",0
"S000002640",0.145
"S000002641",0
"S000002642",0
"S000002643",0.975
"S000002644",0.89
"S000002645",0.39
"S000002646",0.94
"S000002647",0
"S000002648",0.555
"S000002650",0
"S000002651",1
"S000002652",0
"S000002653",0.7
"S000002654",0.89
"S000028542",0
"S000002655",0
"S000002656",0
"S000002657",0
"S000002659",0.005
"S000002660",0.625
"S000002661",0.005
"S000002662",0
"S000002663",0
"S000002664",0
"S000002665",0
"S000002666",0
"S000002667",0
"S000002668",0
"S000002669",0
"S000002670",0.005
"S000002671",0
"S000002672",0.345
"S000002673",0
"S000002674",0
"S000002675",0.93
"S000002676",0.02
"S000002678",0.02
"S000002680",0
"S000002681",0
"S000002683",0.005
"S000002684",0.39
"S000002685",0
"S000002687",0.005
"S000002688",0.95
"S000002689",0.53
"S000002690",0
"S000002691",0
"S000002692",0
"S000002693",0
"S000002694",0.25
"S000002695",0.065
"S000002696",0.58
"S000002697",0
"S000002699",0
"S000002700",0.825
"S000002701",0
"S000002702",0
"S000002703",0
"S000002704",0.54
"S000002705",0
"S000002706",0.05
"S000002707",0.985
"S000002708",0.315
"S000002709",0.99
"S000002710",0.895
"S000002711",0.94
"S000002712",0
"S000002713",0
"S000002714",0
"S000002715",0
"S000002716",0.875
"S000002717",0
"S000002718",0.005
"S000002719",0.965
"S000002720",0.07
"S000002721",0
"S000002722",0
"S000002723",0.215
"S000002724",0
"S000002725",0
"S000002726",0
"S000002727",0.02
"S000002728",0.885
"S000007604",0.815
"S000002729",0
"S000002730",0.69
"S000007255",0.01
"S000002731",0.575
"S000002732",0.985
"S000002733",0.985
"S000002734",0
"S000002736",0.885
"S000002737",0.015
"S000002738",0
"S000002739",0.92
"S000002740",0
"S000002741",0
"S000002742",0
"S000002743",0
"S000002744",0
"S000002745",0.695
"S000002746",0
"S000002747",0.98
"S000002749",0.95
"S000002753",0
"S000002754",0
"S000002755",0.17
"S000002756",0
"S000002757",0
"S000002758",0.01
"S000002759",0
"S000002760",0
"S000002761",0
"S000002762",0
"S000002764",0.975
"S000002765",0
"S000002766",0
"S000002767",0.085
"S000002769",0.865
"S000002770",0.925
"S000002771",0
"S000007235",0.29
"S000002772",0.425
"S000002773",0.97
"S000002775",0.875
"S000002776",0
"S000002777",0.01
"S000002778",0
"S000002779",0.005
"S000002780",0.185
"S000002781",0.77
"S000002782",0
"S000113553",0.025
"S000002783",0.095
"S000002784",0.985
"S000002785",0.08
"S000002786",0.005
"S000002787",0
"S000007605",0.01
"S000002788",0
"S000002789",0.9
"S000007650",0
"S000002790",0.11
"S000002791",0
"S000002792",0
"S000002794",0
"S000002795",0
"S000002796",0.26
"S000002797",0
"S000002798",0.865
"S000002799",0.01
"S000002800",0.32
"S000002801",0
"S000002802",0.98
"S000002803",0.01
"S000002805",0.89
"S000002806",0.82
"S000002807",0
"S000002808",0
"S000002810",0.005
"S000002811",0
"S000002812",0.92
"S000002813",0.445
"S000002814",0
"S000002815",0.98
"S000002816",0
"S000002817",0
"S000002818",0.005
"S000002819",0
"S000002820",0.305
"S000002822",0
"S000002823",0.125
"S000002824",0.66
"S000002826",0.99
"S000002827",0
"S000002829",0
"S000002830",0
"S000002831",0
"S000002832",0
"S000002833",0.005
"S000002835",0.09
"S000002836",0
"S000002837",0.935
"S000002838",0
"S000002840",0.765
"S000002842",0.965
"S000002843",0
"S000002844",0.005
"S000002845",0.845
"S000002846",0
"S000002847",0.075
"S000002848",0
"S000002849",0
"S000002851",0
"S000002852",0
"S000002854",0.005
"S000002855",0
"S000002856",0.6
"S000002857",0.985
"S000002858",0
"S000002859",0
"S000002860",0
"S000002861",0
"S000002862",0.93
"S000002864",0
"S000002865",0.05
"S000002866",0
"S000002867",0.015
"S000002868",0.82
"S000002869",0.03
"S000087209",0.025
"S000002870",0.335
"S000002871",0.725
"S000002872",0.705
"S000002873",0
"S000002874",0
"S000002876",0.385
"S000002877",0.155
"S000002878",0.245
"S000002879",0
"S000002880",0.92
"S000002881",0.955
"S000002883",0
"S000002884",0.005
"S000002885",0.26
"S000002886",0.98
"S000002887",0
"S000002888",0
"S000002889",0
"S000002890",0
"S000002891",0
"S000002892",0.76
"S000002893",0.1
"S000002894",0.04
"S000002895",0.94
"S000002896",0.02
"S000002897",0.89
"S000002898",0
"S000002900",0
"S000002901",0.015
"S000002902",0.31
"S000002903",0.855
"S000002904",0
"S000002905",0
"S000002906",0.685
"S000002907",0.7
"S000002908",0
"S000002909",0.015
"S000002910",0
"S000002911",0
"S000002912",0.27
"S000002913",0.005
"S000002914",0
"S000002915",0
"S000002916",0
"S000002918",0.99
"S000002919",0.01
"S000002920",0
"S000002921",0.005
"S000002922",0
"S000002923",0.005
"S000002924",0
"S000002925",0
"S000002926",0
"S000002927",0.005
"S000002928",0
"S000002930",0
"S000002931",0.01
"S000002932",0.015
"S000028740",0.185
"S000028739",0
"S000007236",0.005
"S000002935",0.77
"S000002936",0
"S000002937",0.21
"S000002938",0.005
"S000002939",0.965
"S000002940",0.2
"S000002941",0
"S000002942",0.03
"S000002944",0
"S000002946",0.165
"S000002947",0
"S000002948",0.04
"S000002949",0
"S000002950",0.265
"S000000799",0.12
"S000000798",0
"S000000797",0
"S000000795",0.06
"S000000794",0.035
"S000000793",0
"S000000792",0
"S000000791",0.005
"S000000790",0
"S000000789",0.005
"S000000788",0.02
"S000000787",0.215
"S000000786",0
"S000002954",0.08
"S000000784",0.885
"S000000783",0
"S000000782",0
"S000000781",0.995
"S000000780",0.01
"S000000779",0.025
"S000000778",0
"S000000777",0.695
"S000000776",0.135
"S000000775",0
"S000000774",0.075
"S000000773",0
"S000000772",0.26
"S000000770",0.525
"S000000769",0.045
"S000000768",0
"S000000767",0
"S000000766",0
"S000000765",0
"S000000764",0
"S000000763",0.01
"S000000762",0.085
"S000000761",0.005
"S000000760",0.835
"S000000759",0
"S000000758",0.965
"S000000757",0.115
"S000000756",0.105
"S000000755",0.295
"S000000753",0.805
"S000000752",0.995
"S000000751",0.005
"S000000750",0.21
"S000000749",0
"S000000748",0.015
"S000000747",0
"S000007256",0.98
"S000000746",0
"S000000745",0.89
"S000000744",0.005
"S000002103",0.015
"S000000743",0
"S000000742",0
"S000000741",0
"S000000739",0.3
"S000000738",0
"S000000737",0
"S000000735",0
"S000000733",0.055
"S000000732",0
"S000000731",0
"S000000730",0
"S000000729",0
"S000000728",0.94
"S000000727",0.005
"S000000803",0
"S000000804",0
"S000000805",0.97
"S000000806",0
"S000000807",0
"S000000808",0.955
"S000000809",0
"S000002957",0
"S000000810",0.065
"S000000811",0.87
"S000000812",0
"S000000813",0.01
"S000000814",0.93
"S000000815",0.945
"S000000816",0.07
"S000007590",0.405
"S000000817",0.005
"S000000818",0.005
"S000000819",0.015
"S000000820",0.155
"S000000821",0.045
"S000002127",0.065
"S000000822",0
"S000000823",0.935
"S000000824",0.935
"S000000825",1
"S000000826",0
"S000000827",0.97
"S000000828",0.765
"S000000829",0
"S000000830",0
"S000000831",0.53
"S000000832",0.015
"S000000833",0.005
"S000000834",0
"S000000835",0
"S000000836",0
"S000000837",0
"S000000838",0.29
"S000000839",0.005
"S000000840",0.645
"S000028746",0
"S000000841",0
"S000007226",0.16
"S000000842",0
"S000000843",0
"S000000844",0.005
"S000000845",0.86
"S000000846",0.275
"S000001954",0
"S000000847",0
"S000000848",0
"S000000849",0
"S000000850",0.07
"S000007237",0.515
"S000000851",0
"S000000852",0.73
"S000000853",0
"S000000854",0
"S000000855",0
"S000007523",0.04
"S000000856",0
"S000000857",0
"S000000858",0
"S000002135",0
"S000000859",0.49
"S000000860",0.435
"S000000861",0.025
"S000000862",0
"S000002958",0.01
"S000000863",0.01
"S000000864",0
"S000000865",0.005
"S000000866",0
"S000000867",0
"S000000868",0
"S000000869",0
"S000000870",0.12
"S000000871",0
"S000000872",0.105
"S000000873",0.01
"S000000874",0
"S000000875",0
"S000000876",0.69
"S000007651",0.965
"S000000877",0
"S000000878",0.005
"S000000879",0.005
"S000000880",0
"S000028546",0.005
"S000000881",0.025
"S000000882",0
"S000000883",0
"S000000884",0.91
"S000000885",0.74
"S000000886",0
"S000000887",0.08
"S000000888",0.965
"S000000889",0.64
"S000002128",0.08
"S000000890",0.01
"S000000891",0.03
"S000000892",0
"S000000893",0
"S000000894",0.01
"S000000895",0.795
"S000002960",0.005
"S000000896",0.96
"S000000897",0.005
"S000000898",0
"S000000900",0
"S000000901",0
"S000000902",0.005
"S000000903",0
"S000000905",0.005
"S000000906",0.73
"S000000907",0
"S000000908",0.005
"S000000909",0.88
"S000000912",0.01
"S000000913",0.005
"S000000914",0.79
"S000000915",0
"S000000916",0.005
"S000000917",0
"S000000918",0.125
"S000000919",0.28
"S000000920",0
"S000000921",0
"S000000922",0.015
"S000000923",0.03
"S000000924",0.12
"S000000925",0.07
"S000000926",0
"S000000927",0.96
"S000000928",0.965
"S000000929",0.89
"S000000930",0
"S000000931",0.005
"S000000932",0
"S000000933",0
"S000000934",0.01
"S000000935",0.9
"S000000936",0.08
"S000000938",0.89
"S000000939",0.005
"S000000941",0.06
"S000000942",0
"S000000943",0.13
"S000000944",0
"S000000945",0
"S000000946",0.005
"S000000947",0.02
"S000000948",0.72
"S000000949",0.71
"S000000950",0.965
"S000000951",0
"S000000952",0.145
"S000000953",0.36
"S000000954",0.015
"S000000955",0.08
"S000000956",0.31
"S000000957",0.215
"S000000958",0
"S000000959",0.005
"S000000960",0.005
"S000000961",0.845
"S000000963",0
"S000000964",0
"S000000965",0
"S000000966",0
"S000000967",0.835
"S000000968",0
"S000000969",0.01
"S000000970",0.925
"S000000971",0
"S000000972",0
"S000000973",0.91
"S000000974",0.85
"S000000975",0
"S000000976",0
"S000000977",0
"S000028625",0.405
"S000000978",0
"S000000979",0
"S000000980",0
"S000000981",0
"S000000982",0
"S000028437",0
"S000000984",0
"S000000985",0.005
"S000000986",0
"S000000987",0
"S000000988",0
"S000000989",0
"S000028764",0
"S000001827",0.295
"S000001839",0
"S000001840",0
"S000001841",0
"S000001842",0
"S000001843",0
"S000001844",0.005
"S000001845",0.005
"S000001846",0.015
"S000001847",0
"S000001848",0
"S000001849",0.835
"S000001850",0
"S000001852",0.01
"S000028547",0.065
"S000001853",0
"S000001854",0
"S000001855",0.895
"S000001856",0.93
"S000001857",0.89
"S000001858",0.45
"S000001859",0.9
"S000006436",0
"S000001860",0
"S000001861",0.035
"S000001863",0
"S000001864",0
"S000001865",0.825
"S000001866",0
"S000001867",0
"S000001868",0
"S000001869",0.005
"S000001870",0.945
"S000001871",0.025
"S000001872",0.995
"S000001873",0
"S000001874",0.06
"S000001876",0.01
"S000002965",0.83
"S000001877",1
"S000001878",0.015
"S000001880",0.005
"S000001881",0
"S000001882",0.08
"S000001883",0.01
"S000001955",0.415
"S000001884",0.24
"S000001885",0.98
"S000001886",0.94
"S000001887",0.005
"S000001889",0.955
"S000001890",0.005
"S000001891",0
"S000001894",0.955
"S000001895",0
"S000001897",0
"S000001898",0.655
"S000001899",0.985
"S000001900",0.925
"S000001901",0.895
"S000001902",0
"S000001903",0
"S000001904",0.03
"S000001905",0
"S000001906",0.325
"S000001907",0.03
"S000001908",0.005
"S000007606",0.255
"S000001909",0
"S000001910",0
"S000001911",0
"S000001912",0
"S000001913",0.01
"S000001914",0
"S000001915",0.615
"S000001916",0
"S000001917",0
"S000001918",0
"S000001919",0
"S000002968",0
"S000001921",0
"S000001922",0
"S000001923",0.955
"S000001924",0.765
"S000001925",0.96
"S000001926",0
"S000001927",0.975
"S000002104",0
"S000001928",0.015
"S000006437",0
"S000028630",0.005
"S000001929",0
"S000001930",0
"S000001931",0.035
"S000001932",0.005
"S000001933",0.9
"S000001934",0.3
"S000001935",0
"S000001936",0.065
"S000001937",0.185
"S000001938",0.94
"S000001939",0
"S000001940",0
"S000001941",0.005
"S000001942",0
"S000001943",0
"S000001944",0
"S000001945",0.195
"S000001946",0.96
"S000001947",0.13
"S000001948",0.945
"S000001949",0
"S000001952",0
"S000001953",0.35
"S000003232",0.005
"S000003231",0.9
"S000003228",0.12
"S000007607",0.065
"S000003227",0.31
"S000003226",0.005
"S000003225",0
"S000003224",0.925
"S000003223",0.005
"S000003222",0
"S000003221",0.285
"S000003220",0
"S000003219",0.18
"S000003218",0
"S000003217",0
"S000003216",0.85
"S000003215",0.345
"S000003214",0.965
"S000003213",0.3
"S000003212",0
"S000003211",0.03
"S000003210",0
"S000003209",0.7
"S000003207",0.965
"S000003206",0.005
"S000003205",0
"S000003204",0
"S000003203",0
"S000003202",0.865
"S000003201",0.205
"S000003200",0.005
"S000003199",0.065
"S000003198",0
"S000003197",0
"S000003196",0
"S000003194",0.015
"S000003195",0.065
"S000003193",1
"S000003192",0
"S000003191",0.14
"S000003190",0.02
"S000003189",0
"S000003188",0.005
"S000003187",0.795
"S000003184",0
"S000003183",0
"S000003181",0
"S000003180",0.265
"S000003179",0.005
"S000003178",0
"S000003177",0.005
"S000003176",0
"S000003175",0.97
"S000003174",0.935
"S000003173",0
"S000003172",0.015
"S000003171",0
"S000003170",0
"S000003169",0.97
"S000003168",0
"S000003166",0
"S000003165",0
"S000003164",0
"S000003163",0.005
"S000087160",0.04
"S000003162",0
"S000003161",0
"S000003160",0
"S000003159",0
"S000003158",0.135
"S000003157",0.625
"S000028635",0.525
"S000003155",0.02
"S000003154",0
"S000003153",0
"S000003152",0
"S000003151",0
"S000003149",0.005
"S000003148",0
"S000003147",0
"S000003146",0
"S000003144",0
"S000003143",0.065
"S000003142",0
"S000003141",0.01
"S000003140",0.9
"S000003139",0.76
"S000003138",0
"S000003137",0.945
"S000003136",0.335
"S000003135",0.335
"S000003134",0
"S000003132",0
"S000003131",0.005
"S000003130",0.005
"S000003129",0
"S000003128",0.01
"S000003127",0.075
"S000003126",0.005
"S000003125",0.005
"S000003124",0
"S000003123",0.95
"S000003122",0
"S000003121",0
"S000003119",0
"S000003118",0.765
"S000003116",0.655
"S000003115",0
"S000003114",0
"S000003113",0.805
"S000003112",0
"S000003111",0.185
"S000003110",0.99
"S000003109",0.04
"S000003108",0
"S000003107",0
"S000003106",0
"S000003105",0.98
"S000003104",0
"S000003102",0
"S000003101",0
"S000003099",0
"S000003098",0.965
"S000003097",0.41
"S000003096",0.755
"S000003095",0.165
"S000003094",0.005
"S000003093",0.005
"S000003092",0.06
"S000003091",0.99
"S000003090",0.355
"S000003089",0
"S000003088",0.975
"S000003087",0.25
"S000003085",0
"S000003084",0.93
"S000003083",0.055
"S000003082",0.005
"S000003081",0.58
"S000003080",0.97
"S000003079",0.945
"S000003078",0.005
"S000003076",0.09
"S000003075",0.72
"S000003074",0.85
"S000003073",0
"S000003072",0
"S000003071",0.955
"S000003069",0
"S000003068",0
"S000003067",0.765
"S000003066",0.92
"S000003065",0.94
"S000003064",0
"S000003063",0.775
"S000003062",0.005
"S000003061",0.915
"S000003060",0.84
"S000003059",0.93
"S000003058",0.135
"S000003057",0
"S000003055",0
"S000003054",0
"S000003053",0
"S000003052",0.345
"S000003051",0
"S000003050",0
"S000003049",0
"S000003048",0.135
"S000003047",0.005
"S000003046",0
"S000003045",0
"S000003043",0.905
"S000003041",0.85
"S000003039",0.915
"S000003038",0.07
"S000003036",0.72
"S000003035",0
"S000003034",0.075
"S000003033",0.95
"S000003032",0
"S000003031",0
"S000003030",0.025
"S000003029",0.2
"S000003028",0.16
"S000003027",0.005
"S000003026",0.78
"S000003025",0.005
"S000003024",0.005
"S000003023",0.96
"S000003022",0.015
"S000003018",0
"S000003017",0
"S000003016",0.875
"S000003015",0.85
"S000003013",0
"S000003012",0.89
"S000003011",0
"S000028548",0.515
"S000028826",0
"S000003008",0.945
"S000003007",0
"S000003006",0.29
"S000003005",0
"S000003004",0.025
"S000003003",0
"S000003001",0.005
"S000003000",0.03
"S000002999",0
"S000002998",0.68
"S000002997",0.92
"S000002996",0
"S000002995",0.005
"S000002994",0
"S000002993",0
"S000002991",0.005
"S000002990",0.85
"S000002989",0
"S000002988",0.195
"S000002987",0
"S000002986",0.88
"S000002985",0
"S000002984",0.025
"S000002983",0.02
"S000002982",0
"S000002981",0.005
"S000002980",0
"S000002979",0.97
"S000002978",0
"S000002977",0
"S000002976",0.985
"S000028632",0.61
"S000028769",0.015
"S000002974",0
"S000002973",0
"S000002972",0
"S000002971",0
"S000002970",0
"S000002969",0.955
"S000003233",0
"S000003234",0.81
"S000003235",0.005
"S000003236",0
"S000003237",0.94
"S000003238",0.565
"S000003239",0
"S000003240",0
"S000003241",1
"S000003242",0
"S000003244",0
"S000003245",0.74
"S000003246",0.04
"S000003247",0
"S000003248",0.005
"S000003249",0.005
"S000003250",0.02
"S000003251",0
"S000003252",0.965
"S000003253",0
"S000003255",0
"S000003256",0.97
"S000003258",0
"S000003259",0
"S000003260",0
"S000003261",0.975
"S000003262",0.565
"S000003263",0
"S000028636",0
"S000003264",0
"S000003265",0
"S000003266",0.005
"S000003267",0.08
"S000028827",0.01
"S000003268",0.66
"S000003269",0.245
"S000003270",0
"S000003272",0
"S000003273",0
"S000003274",0
"S000003275",0
"S000003276",0.01
"S000003278",0.39
"S000003279",0.935
"S000003280",0.985
"S000003281",0
"S000003282",0.005
"S000003284",0
"S000003285",0.01
"S000003286",0
"S000003287",0
"S000003288",0
"S000003289",0.17
"S000003290",0
"S000003291",0
"S000003292",0.93
"S000003293",0
"S000003294",0
"S000003295",0
"S000003297",0.935
"S000003298",0
"S000003299",0.005
"S000003300",0
"S000003302",0.005
"S000003303",0
"S000003304",0
"S000003306",0.75
"S000003307",0.935
"S000003308",0.3
"S000003309",0
"S000003310",0.02
"S000003311",0
"S000003312",0
"S000003313",0.005
"S000003314",0.43
"S000003315",0.975
"S000003316",0
"S000003318",0
"S000003319",0
"S000003320",0.005
"S000003321",0.065
"S000003322",0.965
"S000003323",0.93
"S000003324",0.17
"S000003325",0
"S000003326",0.995
"S000003327",0.975
"S000003328",0
"S000003329",0
"S000003330",0.95
"S000003331",0.975
"S000003332",0.05
"S000003333",0
"S000003334",0.375
"S000003335",0.96
"S000003336",0.76
"S000003337",0.89
"S000003338",0
"S000003340",0
"S000003341",0
"S000003342",0
"S000003343",0
"S000003344",0
"S000003345",0.665
"S000003348",0.825
"S000003349",0
"S000003350",0
"S000003351",0.985
"S000003352",0.555
"S000003353",0
"S000028550",0
"S000003354",0.005
"S000003355",0
"S000003356",0
"S000003357",0
"S000003358",0
"S000003359",0.005
"S000003360",0.88
"S000003361",0
"S000003362",0.005
"S000003363",0
"S000003364",0
"S000003365",0
"S000003366",0
"S000003367",0.005
"S000003368",0
"S000003372",0.81
"S000003373",0
"S000003374",0.365
"S000003375",0
"S000003376",0.005
"S000003377",0.85
"S000003378",0
"S000028638",0
"S000003379",0
"S000003380",0.005
"S000003381",0.005
"S000003382",0.1
"S000003384",0
"S000003385",0
"S000003386",0
"S000003387",0
"S000003388",0.52
"S000003389",0
"S000003390",0.965
"S000003391",0.055
"S000003393",0
"S000029726",0.115
"S000003394",0.165
"S000003395",0.025
"S000003397",0.405
"S000003398",0.055
"S000003399",0.325
"S000003400",0
"S000003401",0
"S000028521",0.08
"S000003402",0
"S000003403",0.595
"S000003404",0.775
"S000003405",0.01
"S000003406",0.035
"S000028639",0.205
"S000003407",0.945
"S000003409",0
"S000003410",0
"S000003411",0.65
"S000003412",0.015
"S000003413",0
"S000003415",0
"S000003416",0.005
"S000003417",0.855
"S000003418",0.99
"S000003419",0
"S000003420",0.19
"S000003421",0
"S000003423",0.985
"S000003424",0
"S000003425",0
"S000003426",0
"S000003427",0.955
"S000003428",0.005
"S000003429",0
"S000003430",0.985
"S000003431",0
"S000003432",0.015
"S000003433",0
"S000003434",0
"S000003435",0
"S000003436",0
"S000028640",0.26
"S000003437",0
"S000003438",0.895
"S000003439",0.005
"S000003440",0
"S000003441",0
"S000003442",0
"S000003443",0.875
"S000003444",0
"S000003445",0
"S000003446",0.005
"S000003447",0.23
"S000003448",0.765
"S000003449",0.025
"S000003450",0.945
"S000003452",0.47
"S000003453",0
"S000003454",0.01
"S000003455",0
"S000003456",0
"S000003457",0
"S000003459",0
"S000003461",0.005
"S000003462",0.555
"S000003463",0
"S000003464",0
"S000003465",0.02
"S000003466",0
"S000003467",0.64
"S000003468",0.005
"S000003469",0.005
"S000003470",0
"S000003471",0
"S000003472",0.835
"S000028551",0
"S000003473",0
"S000003475",0
"S000003476",0
"S000003477",0.935
"S000003478",0.965
"S000003479",0.005
"S000003480",0.035
"S000003481",0
"S000003482",0
"S000003483",0.87
"S000003484",0.515
"S000003485",0.925
"S000003486",0
"S000003487",0
"S000003488",0
"S000003489",0.055
"S000003490",0
"S000003492",0.005
"S000003493",0.005
"S000003494",0.63
"S000003495",0
"S000003496",0.945
"S000003498",0
"S000003499",0.935
"S000003500",0
"S000003502",0
"S000003503",0
"S000007608",0.85
"S000003505",0.315
"S000003506",0.88
"S000003507",0.01
"S000003508",0
"S000003509",0.995
"S000003510",0.64
"S000003511",0
"S000003512",0.66
"S000003513",0.005
"S000003514",0
"S000003515",0
"S000003516",0
"S000003517",0.03
"S000003518",0
"S000003519",0
"S000003520",0.005
"S000003521",0
"S000028829",0.465
"S000001040",0.05
"S000001039",0.005
"S000001038",0.415
"S000001036",0
"S000001035",0.08
"S000001034",0
"S000001032",0
"S000001031",0
"S000001030",0.125
"S000001028",0
"S000001027",0
"S000001026",0
"S000001025",0
"S000001024",0
"S000001023",0.275
"S000001022",0.005
"S000001021",0.01
"S000001020",0.005
"S000001019",0
"S000001018",0
"S000001017",0.475
"S000001016",0
"S000001015",0.365
"S000001014",0
"S000001013",0
"S000001012",0
"S000001011",0
"S000001010",0
"S000001009",0
"S000001008",0
"S000028828",0.16
"S000001007",0.92
"S000001006",0
"S000001005",0
"S000001004",0
"S000001003",0.935
"S000001002",0
"S000001001",0.14
"S000001000",0
"S000000999",0
"S000000998",0.005
"S000000996",0.885
"S000000995",0
"S000000994",0
"S000000993",0
"S000001043",0
"S000003529",0.005
"S000001044",0
"S000001045",0
"S000001046",0
"S000001047",0.29
"S000003530",0.665
"S000001048",0
"S000001049",0.985
"S000028830",0.015
"S000001050",0
"S000001051",0
"S000001052",0.38
"S000001053",0.115
"S000001054",0.23
"S000001055",0.01
"S000001056",0.005
"S000001057",0
"S000001058",0
"S000001059",0
"S000001060",0
"S000001061",0.95
"S000001062",0.93
"S000001063",0.36
"S000003531",0
"S000001064",0
"S000028645",0.16
"S000001065",0.43
"S000001066",0.865
"S000001067",0.95
"S000001068",0.875
"S000001069",0.975
"S000001070",0
"S000001071",0.01
"S000001072",0
"S000001073",0
"S000001074",0
"S000001075",0
"S000001076",0
"S000001077",0
"S000001078",0.745
"S000001079",0
"S000001080",0.025
"S000001081",0
"S000002100",0.73
"S000001082",0.085
"S000001083",0.6
"S000001084",0.61
"S000001085",0
"S000001086",0
"S000001087",0.005
"S000001088",0.125
"S000001089",0
"S000001090",0.005
"S000001091",0
"S000001092",0
"S000028832",0.425
"S000001093",0.05
"S000001094",0.87
"S000001099",0
"S000001100",0.58
"S000001101",0.92
"S000001102",0.73
"S000001103",0
"S000001104",0.965
"S000001105",0
"S000001106",0
"S000001107",0.985
"S000001108",0
"S000001109",0
"S000001110",0.98
"S000001111",0.945
"S000001112",0.22
"S000001113",0.015
"S000001114",0.705
"S000007455",0.87
"S000001115",0
"S000001116",0.955
"S000001117",0
"S000001118",0
"S000001119",0
"S000001120",0
"S000001121",0.005
"S000001957",0
"S000001122",0
"S000001123",0.1
"S000001124",0
"S000001125",0.96
"S000001126",0
"S000001127",0.885
"S000001128",0
"S000028552",0
"S000001129",0
"S000001130",0.95
"S000001131",0.3
"S000001132",0.11
"S000001133",0.02
"S000001134",0.03
"S000001136",0
"S000001138",0
"S000001139",0
"S000001140",0.095
"S000001141",0.575
"S000001142",0
"S000001143",0.775
"S000001144",0.67
"S000001145",0.005
"S000001146",0
"S000001147",0
"S000001148",0
"S000001149",0.965
"S000001150",0
"S000001151",0.005
"S000001152",0.005
"S000001153",0
"S000001154",0
"S000001155",0
"S000001156",0
"S000001157",0
"S000001158",0.025
"S000001159",0
"S000001160",0.97
"S000001161",0.05
"S000001162",0
"S000001163",0.015
"S000001164",0.825
"S000001165",0
"S000001166",0
"S000001168",0.045
"S000001169",0
"S000001170",0.98
"S000001171",0.46
"S000001173",0
"S000001174",0
"S000007496",0.1
"S000001175",0
"S000001176",0
"S000001177",0
"S000001178",0.03
"S000001179",0.025
"S000001180",0.02
"S000001181",0
"S000001182",0
"S000001183",0.705
"S000001184",0.005
"S000001186",0
"S000001185",0.99
"S000001187",0.26
"S000001189",0.005
"S000001190",0.37
"S000001191",0.99
"S000001192",0
"S000001193",0
"S000001194",0
"S000001195",0.005
"S000001196",0.085
"S000001197",0.005
"S000001198",0
"S000001199",0
"S000001200",0.005
"S000001201",0
"S000001202",0
"S000001203",0.07
"S000001204",0
"S000001205",0.01
"S000001206",0
"S000001207",0.985
"S000001208",0.97
"S000001209",0.89
"S000001210",0
"S000001211",0.005
"S000001212",0.965
"S000001213",0.9
"S000001214",0
"S000001215",0.845
"S000001216",0
"S000001217",0
"S000001218",0.005
"S000028553",0.735
"S000001219",0
"S000001220",0
"S000001221",0
"S000001222",0.015
"S000001224",0
"S000001225",0
"S000001226",0.01
"S000001227",0
"S000001228",0
"S000001229",0.935
"S000001230",0
"S000001231",0.955
"S000001232",0.06
"S000001233",0.875
"S000001234",0
"S000001235",0
"S000001236",0
"S000001237",0.005
"S000001238",0
"S000001239",0.7
"S000001240",0.925
"S000001241",0
"S000001242",0
"S000029704",0.125
"S000001243",0.01
"S000001244",0
"S000001245",0
"S000001246",0
"S000001247",0
"S000001248",0.99
"S000001249",0
"S000001250",0
"S000001251",0
"S000001252",0.01
"S000001253",0
"S000001254",0.055
"S000001259",0
"S000001431",0.01
"S000001428",0
"S000001427",0.04
"S000001426",0
"S000001425",0
"S000001424",0
"S000001423",0.015
"S000001422",0
"S000001421",0
"S000001420",0
"S000001419",0.035
"S000028511",0
"S000001418",0.01
"S000001417",0
"S000001416",0.02
"S000001415",0
"S000001414",0
"S000001413",0.02
"S000001412",0.95
"S000001411",0.005
"S000001410",0.16
"S000001409",0.97
"S000001408",0
"S000001407",0.06
"S000001406",0.94
"S000001405",0.97
"S000001404",0.98
"S000001402",0
"S000001401",0
"S000001400",0.77
"S000001399",0
"S000001398",0.005
"S000001397",0
"S000028556",0.01
"S000001396",0
"S000001395",0
"S000001394",0
"S000001393",0
"S000001392",0
"S000001391",0.88
"S000001390",0.565
"S000001389",0.03
"S000001388",0.94
"S000001387",0
"S000001386",0
"S000001385",0
"S000001384",0.015
"S000001383",0
"S000001382",0
"S000001381",0
"S000001380",0.925
"S000001379",0
"S000001378",0
"S000001377",0.98
"S000001376",0
"S000001375",0
"S000001374",0
"S000001373",0
"S000001372",0
"S000001371",0.945
"S000001370",0
"S000001369",0
"S000001368",0.815
"S000001367",0.01
"S000028657",0.215
"S000001366",0.94
"S000001365",0
"S000113587",0.475
"S000001364",0.23
"S000001363",0
"S000001361",0
"S000001360",0
"S000001359",0
"S000001358",0.005
"S000001357",0
"S000001356",0
"S000001355",0.02
"S000001354",0
"S000001353",0.885
"S000001352",0.215
"S000001351",0.01
"S000001350",0
"S000001349",0
"S000001347",0
"S000001346",0.635
"S000001345",0.915
"S000001341",0
"S000001340",0.95
"S000001339",0
"S000001338",0.995
"S000001337",0.94
"S000001336",0
"S000001335",0.005
"S000001334",0
"S000001333",0
"S000001332",0
"S000001331",0
"S000001330",0.925
"S000001329",0
"S000001328",0
"S000001327",0.04
"S000001326",0
"S000001325",0.035
"S000001324",0.835
"S000001323",0.845
"S000001319",0
"S000001318",0
"S000001317",0
"S000001316",0.02
"S000001315",0
"S000001314",0.62
"S000001313",0.65
"S000001312",0.015
"S000001311",0.005
"S000001310",0.64
"S000001309",0
"S000028836",0.015
"S000001308",0.89
"S000001307",0
"S000001306",0.005
"S000001305",0
"S000001304",0
"S000001303",0
"S000001302",0
"S000001301",0.005
"S000001300",0
"S000001299",0
"S000001298",0
"S000001297",0
"S000001296",0
"S000001295",0.935
"S000001293",0.54
"S000001292",0.005
"S000001291",0.02
"S000001289",0.225
"S000001288",0.88
"S000001286",0.45
"S000001285",0
"S000001284",0.91
"S000001283",0.885
"S000001282",0
"S000001281",0.87
"S000001280",0.62
"S000001279",0
"S000001278",0.005
"S000001277",0
"S000003536",0.04
"S000001276",0
"S000001275",0
"S000001273",0
"S000001272",0.015
"S000006432",0.01
"S000001271",0
"S000001270",0.04
"S000001269",0
"S000001268",0.005
"S000001267",0
"S000001266",0.85
"S000001265",0.725
"S000028835",0.005
"S000001264",0
"S000001263",0
"S000001440",0
"S000001441",0
"S000001442",0
"S000001443",0
"S000001444",0
"S000001445",0.125
"S000001446",0
"S000001447",0.96
"S000001448",0.95
"S000001449",0.78
"S000001450",0.835
"S000001451",0.99
"S000001452",0
"S000001453",0
"S000001454",0.76
"S000001455",0
"S000001456",0
"S000001457",0
"S000028837",0.045
"S000001459",0.845
"S000001460",0.015
"S000028838",0.315
"S000001461",0.995
"S000001462",0.005
"S000001463",0.285
"S000001464",0.005
"S000001465",0.125
"S000001466",0
"S000001467",0
"S000001468",0.005
"S000001469",0.01
"S000001470",0
"S000001471",0
"S000001472",0.12
"S000001473",0
"S000001474",0
"S000001475",0
"S000001476",0.03
"S000001477",0
"S000001478",0
"S000001481",0.01
"S000003754",0
"S000003753",0.005
"S000003752",0.015
"S000003750",0
"S000003749",0
"S000003748",0
"S000003746",0
"S000003745",0.22
"S000003744",0
"S000003743",0.005
"S000003741",0
"S000003742",0.035
"S000003740",0.82
"S000003739",0.985
"S000003737",0
"S000003736",0.005
"S000003734",0.015
"S000003733",0
"S000003732",0
"S000003730",0.93
"S000003729",0.015
"S000003728",0
"S000003727",0
"S000003726",0
"S000003725",0.28
"S000003723",0
"S000003722",0
"S000003721",0
"S000003720",0.425
"S000003719",0.05
"S000003717",0
"S000003716",0.415
"S000003715",0.025
"S000003714",0
"S000003713",0.005
"S000003712",0.835
"S000003710",0.965
"S000003709",0.62
"S000003708",0
"S000003707",0
"S000003706",0.005
"S000003704",0
"S000003703",0.895
"S000003702",0.215
"S000003701",0
"S000003700",0
"S000003699",0
"S000003698",0
"S000003697",0
"S000003696",0.01
"S000003695",0.02
"S000003694",0.005
"S000003693",0
"S000003692",0.735
"S000003691",0
"S000003690",0.015
"S000003689",0
"S000003687",0
"S000003685",0
"S000003684",0
"S000003683",0.005
"S000003682",0.01
"S000003681",0
"S000003680",0.01
"S000003679",0.84
"S000003677",0
"S000003676",0.73
"S000003675",0.005
"S000003673",0.005
"S000028806",0.01
"S000003672",0.12
"S000003670",0
"S000028805",0
"S000003669",0
"S000003668",0
"S000003667",0.065
"S000003666",0
"S000003665",0.43
"S000003664",0.005
"S000028522",0.08
"S000003663",0.2
"S000003662",0
"S000003661",0.95
"S000003660",0.005
"S000003659",0.005
"S000003658",0.01
"S000003657",0.005
"S000003654",0
"S000003653",0
"S000003652",0
"S000003651",0
"S000003648",0.005
"S000003647",0.965
"S000003646",0
"S000003645",0.855
"S000003644",0
"S000003643",0.02
"S000003642",0
"S000003641",0
"S000003640",0.815
"S000003639",0
"S000003638",0.04
"S000003637",0
"S000003636",0
"S000003635",0
"S000003634",0.005
"S000003633",0.975
"S000003632",0.62
"S000003631",0.03
"S000003630",0.005
"S000003629",0
"S000003628",0
"S000003627",0.93
"S000003626",0.93
"S000003625",0.02
"S000003624",0
"S000003623",0.97
"S000003621",1
"S000003620",0
"S000003619",0
"S000003618",0
"S000003617",0.97
"S000003616",0.125
"S000003615",0
"S000003614",0.005
"S000028662",0.2
"S000003613",0
"S000028661",0.01
"S000003612",0.9
"S000003610",0.965
"S000003609",0.005
"S000003608",0.935
"S000003607",0.195
"S000003606",0
"S000003605",0.935
"S000003604",0
"S000003602",0
"S000003601",0
"S000003599",0.005
"S000007611",0.085
"S000003598",0
"S000003597",0.885
"S000003596",0
"S000003595",0
"S000003594",0
"S000003593",0
"S000003592",0.96
"S000003591",0.005
"S000003590",0.9
"S000003589",0.03
"S000007610",0.005
"S000003588",0
"S000003587",0.005
"S000003586",0.895
"S000003585",0.105
"S000003584",0
"S000028804",0.005
"S000003583",0
"S000003582",0.125
"S000003581",0
"S000003580",0
"S000003579",0
"S000003578",0.025
"S000003577",0.97
"S000003576",0.97
"S000003575",0.01
"S000003574",0.03
"S000003573",0.015
"S000003572",0.845
"S000003571",0.94
"S000003570",0.975
"S000003568",0.78
"S000003567",0.015
"S000003566",0.64
"S000003565",0
"S000003564",0.01
"S000003563",0.985
"S000003562",0.98
"S000003561",0.045
"S000003560",0
"S000003557",0.045
"S000003556",0.895
"S000003553",0
"S000003551",0.98
"S000003550",0
"S000003549",0
"S000003548",0.975
"S000003547",0.9
"S000003545",1
"S000003543",0.245
"S000003542",0.98
"S000003541",0
"S000003540",0.01
"S000003539",0.895
"S000003538",0.92
"S000003761",0
"S000003762",0.585
"S000003763",0
"S000003764",0
"S000003765",0
"S000028523",0.22
"S000003766",0.99
"S000003767",0.935
"S000003768",0
"S000003769",0
"S000003771",0
"S000003770",0.005
"S000003772",0.1
"S000003773",0
"S000003774",0.805
"S000003775",0
"S000003776",0
"S000003777",0.815
"S000003778",0.6
"S000003780",0.01
"S000003782",0
"S000003783",0.44
"S000003785",0
"S000003786",0.005
"S000003791",0
"S000003792",0
"S000003793",0.405
"S000003794",0
"S000003795",0.465
"S000003796",0
"S000003797",0.005
"S000003800",0
"S000003801",0
"S000003802",0.95
"S000003803",0.9
"S000003804",0
"S000003805",0.1
"S000003806",0.96
"S000003807",0.87
"S000003808",0.025
"S000003809",0
"S000003810",0
"S000003811",0
"S000003812",0
"S000003813",0
"S000003814",0
"S000003815",0.06
"S000003816",0.1
"S000003817",0.01
"S000003818",0.835
"S000003819",0
"S000003820",0.895
"S000003821",0
"S000003822",0
"S000003823",0
"S000003824",0.205
"S000003825",0.945
"S000003826",0.69
"S000003827",0.01
"S000003828",0.79
"S000003829",0.95
"S000003830",0
"S000003831",0
"S000003833",0.82
"S000003834",0.215
"S000003835",0
"S000003836",0
"S000003837",0.82
"S000003838",0
"S000003839",0
"S000003840",0
"S000003841",0
"S000003842",0.03
"S000003843",0
"S000003844",0
"S000003845",0
"S000003846",0.02
"S000003848",0
"S000003849",0.815
"S000003850",0.825
"S000003851",0
"S000003852",0
"S000003853",0.855
"S000003854",0
"S000003855",0
"S000003856",0
"S000003857",0
"S000003858",0.02
"S000003859",0
"S000003860",0
"S000003861",0
"S000003862",0.95
"S000003863",0.355
"S000003864",0
"S000003865",0.58
"S000003866",0.025
"S000003867",0.005
"S000003868",0
"S000003869",0
"S000003870",0
"S000003871",0
"S000003872",0.005
"S000003873",0.85
"S000028513",0.02
"S000003874",0.05
"S000003876",0.025
"S000003877",0
"S000003878",0
"S000003879",0.295
"S000003880",0
"S000003881",0
"S000003882",0.33
"S000003883",0.925
"S000003884",0.96
"S000003885",0.005
"S000003886",0
"S000003887",0
"S000003888",0
"S000003890",0
"S000003891",0
"S000003892",0
"S000003893",0.015
"S000003894",0
"S000003895",0.05
"S000003896",0
"S000007348",0.04
"S000003897",0.95
"S000003898",0
"S000003899",0.005
"S000003900",0.01
"S000003901",0
"S000003902",0.99
"S000003903",0
"S000003904",0
"S000003905",0.095
"S000003906",0
"S000003907",0
"S000003908",0
"S000003909",0
"S000003910",0.005
"S000003911",0.015
"S000028557",0.115
"S000003913",0
"S000003914",0.005
"S000003915",0
"S000003916",0.005
"S000001705",0.005
"S000001704",0
"S000001703",0
"S000001702",0.005
"S000001701",0
"S000001700",0
"S000001699",0.07
"S000001698",0
"S000001697",0.005
"S000001696",0.355
"S000001695",0.905
"S000001694",0
"S000001693",0.98
"S000001692",0
"S000001691",0.025
"S000001690",0.005
"S000001689",0
"S000001688",0
"S000001687",0.02
"S000001686",0.94
"S000001684",0
"S000001681",0.005
"S000001680",0
"S000001679",0.95
"S000001678",0.935
"S000001677",0.415
"S000001676",0.865
"S000001675",0.52
"S000001674",0.01
"S000001673",0.065
"S000001672",0.975
"S000001671",0
"S000001670",0
"S000001669",0.49
"S000001668",0
"S000001667",0
"S000028558",0.015
"S000001666",0
"S000001665",0.735
"S000001664",0.325
"S000001663",0.43
"S000001662",0
"S000001661",0
"S000001659",0
"S000001658",0
"S000001657",0.18
"S000001656",0.98
"S000001655",0.72
"S000001654",0
"S000001653",0.735
"S000001651",0.005
"S000001650",0.11
"S000001649",0
"S000001648",0.77
"S000001647",0.005
"S000001646",0
"S000001645",0.06
"S000001644",0
"S000001643",0
"S000001642",0
"S000001640",0
"S000001639",0
"S000001638",0.095
"S000001637",0.58
"S000001635",0.845
"S000001634",0
"S000001633",0
"S000001632",0
"S000001631",0
"S000001629",0
"S000001628",0.995
"S000001627",0.925
"S000001626",0.01
"S000001625",0
"S000001624",0.085
"S000001623",0.005
"S000001622",0.78
"S000028421",0.665
"S000001621",0.315
"S000001620",0.225
"S000001618",0.005
"S000001617",0.005
"S000001616",0
"S000001615",0.01
"S000001613",0
"S000001612",0
"S000001611",0
"S000001610",0
"S000001609",0.19
"S000001608",0.985
"S000001607",0
"S000001605",0.405
"S000001604",0
"S000001603",0
"S000001602",0.86
"S000001600",0
"S000001599",0
"S000001597",0
"S000001596",0.005
"S000001595",0.855
"S000001593",0
"S000001592",0
"S000001591",0.9
"S000001590",0
"S000007616",0.02
"S000001589",0
"S000001588",0
"S000001587",0.97
"S000001586",0
"S000001584",0
"S000001583",0.015
"S000001582",0.925
"S000001581",0
"S000028667",0.01
"S000001956",0.02
"S000001579",0
"S000001578",0.08
"S000001577",0
"S000001576",0.005
"S000001575",0.22
"S000001574",0
"S000001573",0
"S000001572",0.96
"S000001571",0.17
"S000001570",0
"S000001569",0
"S000001568",0
"S000001567",0
"S000001565",0.41
"S000001564",0
"S000001563",0.485
"S000001562",0
"S000001561",0.965
"S000001560",0
"S000001558",0.085
"S000001557",0
"S000001556",0.045
"S000001555",0
"S000001554",0.055
"S000001553",0.005
"S000001552",0
"S000028524",0.19
"S000001551",0
"S000001550",0
"S000113563",0.07
"S000001548",0.025
"S000001547",0.005
"S000001546",0.585
"S000001545",0.175
"S000001544",0.02
"S000001543",0.98
"S000001542",0.87
"S000001541",0.99
"S000001540",0.12
"S000001539",0
"S000001538",0.005
"S000001537",0.705
"S000007243",0.045
"S000001535",0.01
"S000001534",0
"S000001533",0
"S000001532",0.855
"S000001531",0
"S000001530",0
"S000001529",0
"S000001528",0.865
"S000001527",0.005
"S000001526",0
"S000001525",0.71
"S000001524",0.215
"S000001523",0.015
"S000001522",0
"S000001521",0
"S000001520",0.005
"S000001518",0.875
"S000001517",0.005
"S000007242",0
"S000001516",0.985
"S000001515",0.025
"S000001512",0
"S000001511",0.655
"S000001510",0
"S000001509",0
"S000001508",0
"S000001507",0.985
"S000113559",0.59
"S000001506",0.02
"S000001505",0.99
"S000001504",0.925
"S000001503",0
"S000001502",0.985
"S000007615",0.38
"S000001501",0.9
"S000001500",0
"S000001499",0.06
"S000001498",0
"S000001497",0.665
"S000001496",0.92
"S000001495",0.915
"S000001494",0
"S000001493",0
"S000001492",0.155
"S000001491",0
"S000001490",0.025
"S000002101",0.665
"S000001489",0.97
"S000001488",0
"S000001487",0.98
"S000001486",0.87
"S000001485",0.31
"S000001484",0.005
"S000001709",0.195
"S000001710",1
"S000001711",0
"S000001712",0.62
"S000001713",0
"S000001714",0.62
"S000001715",0.025
"S000001716",0.965
"S000001717",0
"S000001718",0.005
"S000001719",0
"S000001721",0
"S000001722",0.14
"S000001723",0
"S000001724",0.005
"S000001725",0
"S000001726",0
"S000001727",0.025
"S000001728",0.895
"S000001729",0
"S000001730",0.04
"S000001731",0
"S000001732",0.095
"S000001733",0.895
"S000001734",0
"S000001735",0
"S000001736",0
"S000001737",0.005
"S000001738",0
"S000001739",0
"S000001742",0
"S000006435",0.61
"S000001744",0
"S000001745",0.93
"S000001746",0.935
"S000001747",0
"S000001749",0
"S000001750",0
"S000001751",0
"S000001752",0
"S000001753",0.095
"S000001754",0.03
"S000001756",0.005
"S000001757",0.03
"S000001758",0.02
"S000001759",0
"S000001760",0
"S000001761",0
"S000001762",0.05
"S000001763",0.005
"S000001764",0
"S000001765",0.01
"S000001766",0
"S000001768",0
"S000001769",0
"S000001770",0.995
"S000001771",0.965
"S000001772",0
"S000001773",0.01
"S000001774",0
"S000001775",0
"S000001776",0.965
"S000001777",0
"S000001778",0
"S000001779",0.875
"S000001780",0
"S000001782",0.04
"S000001783",0
"S000001784",0
"S000001785",0
"S000001786",0
"S000001787",0.97
"S000001788",0
"S000001789",0.93
"S000001790",0.005
"S000001791",0.575
"S000001792",0
"S000001793",0.705
"S000001794",0.755
"S000001795",0
"S000001796",0
"S000001797",0
"S000001798",0
"S000001799",0.095
"S000001800",0.115
"S000001801",0.005
"S000001802",0
"S000001803",0.015
"S000028512",0.65
"S000001804",0
"S000001805",0
"S000001806",0
"S000001807",0
"S000001808",0
"S000001809",0.015
"S000001810",0.065
"S000001811",0.01
"S000001812",0.01
"S000003986",0
"S000003985",0
"S000003984",0
"S000003983",0.05
"S000003981",0
"S000003980",0
"S000003979",0.495
"S000003978",0.005
"S000003977",0.05
"S000003976",0.15
"S000003975",0.01
"S000003974",0
"S000003973",0.855
"S000003972",0.645
"S000003971",0.005
"S000003969",0
"S000003968",0
"S000003966",0.005
"S000003965",0.005
"S000003964",0
"S000003963",0.02
"S000003962",0
"S000003961",0
"S000003959",0.765
"S000003958",0.955
"S000003957",0.99
"S000003956",0.56
"S000003955",0.005
"S000003954",0.955
"S000003952",0
"S000003951",0
"S000003950",0.85
"S000003949",0
"S000003948",0.02
"S000003946",0
"S000003945",0
"S000003944",0.005
"S000003942",0
"S000007245",0.015
"S000003941",0.59
"S000003938",0
"S000003937",0.07
"S000003936",0
"S000003935",0
"S000003934",0.72
"S000003933",0
"S000003932",0.095
"S000003931",0.72
"S000003930",0.015
"S000028560",0.055
"S000003929",0.745
"S000003928",0
"S000003927",0.97
"S000003926",0.27
"S000003925",0
"S000003924",0
"S000003991",0
"S000003992",0.98
"S000003993",0
"S000003994",0
"S000003995",0.975
"S000003996",0.015
"S000003997",0.805
"S000003998",0.9
"S000003999",0.99
"S000004000",0.725
"S000004001",0.01
"S000004002",0.115
"S000004003",0
"S000004004",0
"S000004005",0.01
"S000004006",0.04
"S000004007",0
"S000004008",0
"S000004009",0
"S000004010",0
"S000004011",0
"S000004012",0.815
"S000004013",0
"S000004014",0.005
"S000004015",0.325
"S000004016",1
"S000004017",0.005
"S000004018",0
"S000004019",0.99
"S000004020",0
"S000004021",0.005
"S000004022",0
"S000004023",0.855
"S000004024",0
"S000004025",0
"S000004026",0.015
"S000004027",0.01
"S000004028",0.015
"S000004029",0.09
"S000004030",0.02
"S000004032",0.005
"S000004033",0
"S000004034",0
"S000004035",0.935
"S000004036",0.015
"S000004037",0
"S000004038",0
"S000004039",0
"S000004040",0.005
"S000004041",0.98
"S000004042",0.655
"S000004043",0.005
"S000004044",0
"S000004045",0.14
"S000004046",0
"S000004047",0
"S000004048",0
"S000004049",0
"S000004050",0.975
"S000004051",0.67
"S000004053",0
"S000004054",0
"S000004055",0.03
"S000004056",0.885
"S000004057",0.305
"S000004058",0.415
"S000004059",0.03
"S000004060",0
"S000004061",0.88
"S000004062",0
"S000004063",0.005
"S000004064",0.02
"S000004065",0.995
"S000004067",0
"S000004068",0.9
"S000004069",1
"S000004070",0
"S000004071",0
"S000004072",0
"S000004073",0.025
"S000004074",0.005
"S000004075",0
"S000004076",0.985
"S000004077",0.005
"S000004078",0.9
"S000004079",0.01
"S000004080",0
"S000004081",0
"S000004082",0.005
"S000004083",0.005
"S000004084",0
"S000004085",0.045
"S000004086",0.005
"S000004087",0
"S000004088",0
"S000004089",0
"S000007618",0.055
"S000004090",0.825
"S000004092",0
"S000004093",0.99
"S000004094",0
"S000004095",0.91
"S000004096",0.945
"S000004097",0
"S000004098",0
"S000004099",0
"S000004100",0
"S000004103",0.21
"S000004104",0.135
"S000004105",0.945
"S000004106",0.88
"S000004107",0.98
"S000004108",0.18
"S000004109",0.755
"S000004110",0
"S000004111",0
"S000004115",0.065
"S000004116",0
"S000004117",0.82
"S000004118",0.36
"S000004119",0.945
"S000004120",0
"S000004121",0
"S000004122",0.365
"S000004123",0.005
"S000004124",0.065
"S000004125",0
"S000004126",0.005
"S000004127",0.005
"S000004128",0.03
"S000004129",0.03
"S000004131",0.04
"S000004132",0
"S000004133",0
"S000004134",0
"S000004135",0.855
"S000004136",0.005
"S000113566",0.445
"S000004137",0.88
"S000004138",0.875
"S000004139",0.005
"S000004140",0.005
"S000004141",0
"S000004142",0.005
"S000004143",0.96
"S000004144",0.14
"S000004152",0.075
"S000028567",0.1
"S000004153",0.965
"S000004154",0
"S000004155",0
"S000004156",0.955
"S000004157",0.87
"S000004158",0.005
"S000004160",0
"S000004162",0.005
"S000004163",0
"S000004164",0
"S000004165",0.83
"S000004166",0.01
"S000004167",0
"S000004168",0
"S000004169",0
"S000004170",0
"S000004171",0.075
"S000004172",0.625
"S000004173",0.015
"S000004175",0.01
"S000004176",0.92
"S000004177",0.005
"S000004178",0
"S000004179",0
"S000004180",0
"S000004181",0
"S000004182",0.285
"S000004183",0
"S000004184",0
"S000004185",0.98
"S000004186",0.84
"S000004187",0.885
"S000004189",0
"S000004190",0
"S000004191",0.005
"S000004193",0.15
"S000004194",0.435
"S000004195",0
"S000004196",0
"S000004197",0
"S000004198",0.995
"S000004199",0
"S000004200",0.01
"S000004201",0
"S000004202",0.86
"S000004203",0
"S000004204",0
"S000004205",0.975
"S000004206",0.015
"S000004208",0
"S000004209",0.005
"S000004210",0
"S000004211",0.315
"S000004212",0.945
"S000004213",0.76
"S000004214",0.005
"S000004215",0.005
"S000004216",0.37
"S000004217",0
"S000004218",0.005
"S000004219",1
"S000004221",0
"S000004223",0
"S000004224",0.615
"S000004227",0.015
"S000004228",0.005
"S000004229",0.005
"S000004230",0.74
"S000004231",0
"S000004232",0.235
"S000004233",0.95
"S000004234",0.36
"S000004235",0
"S000004236",0
"S000004237",0
"S000004238",0
"S000004239",0.905
"S000004240",0
"S000004241",0.035
"S000004243",0
"S000004244",0
"S000004246",0.015
"S000004247",0
"S000004248",0
"S000004249",0.985
"S000004250",0
"S000004251",0.685
"S000004252",0.835
"S000007246",0.16
"S000004253",0.045
"S000004254",0.155
"S000028808",0.335
"S000004255",0
"S000004256",0
"S000004257",0
"S000004258",0.645
"S000004260",0
"S000004261",0
"S000004262",0.995
"S000004263",0
"S000004264",0.995
"S000004265",0.88
"S000004266",0.985
"S000004267",0.99
"S000004268",0
"S000004271",0.005
"S000004273",0.01
"S000004274",0.005
"S000004275",0
"S000028569",0.015
"S000004276",0
"S000004277",0
"S000004278",0.04
"S000004279",0
"S000004280",0.02
"S000004281",0
"S000004282",0.94
"S000004283",0.125
"S000004284",0.965
"S000004286",0.065
"S000004288",0.005
"S000004289",0.715
"S000004290",0
"S000004291",0
"S000004292",0
"S000004294",0.335
"S000004295",0.07
"S000004296",0.85
"S000004297",0.58
"S000004298",0
"S000028525",0.165
"S000004299",0
"S000004300",0
"S000004301",0.925
"S000004303",0
"S000004304",0.76
"S000004305",0
"S000004306",0.58
"S000004307",0.025
"S000004308",0.95
"S000004310",0
"S000004311",0.035
"S000004312",0.04
"S000004313",0.895
"S000004315",0.815
"S000004316",0.11
"S000004317",0
"S000004318",0
"S000004319",0.035
"S000004320",0
"S000004321",0
"S000004322",0.01
"S000004324",0.005
"S000004325",0
"S000004327",0
"S000004328",0.97
"S000004329",0.12
"S000004332",0.93
"S000004333",0
"S000004334",0.015
"S000028571",0.025
"S000004335",0
"S000004336",0
"S000004337",0
"S000004338",0.025
"S000004339",0.985
"S000004340",0
"S000004342",0.04
"S000004343",0
"S000004344",0
"S000004345",0.005
"S000004346",0
"S000004347",0.705
"S000004348",0.005
"S000004349",0.265
"S000004350",0.275
"S000004351",0.61
"S000004352",0.13
"S000004353",0
"S000028845",0.04
"S000004354",0
"S000004355",0
"S000007620",0.915
"S000004356",0.65
"S000004359",0
"S000004360",0
"S000004361",0.025
"S000004362",0.77
"S000004363",0.025
"S000004364",0.3
"S000004365",0
"S000004367",0
"S000004368",0
"S000004369",0
"S000004370",0.91
"S000004372",0
"S000004373",0
"S000004374",0.6
"S000004375",0.765
"S000004376",0
"S000004377",0
"S000004378",0.005
"S000004379",0
"S000004380",0.005
"S000004381",0
"S000004382",0
"S000006429",0.04
"S000004384",0.175
"S000004385",0.06
"S000004386",0
"S000004387",0
"S000004388",0.815
"S000004389",0.96
"S000004390",0
"S000004391",0.955
"S000004393",0.005
"S000004395",0.29
"S000004396",0
"S000004397",0
"S000004398",0
"S000028683",0.025
"S000004399",0.005
"S000004400",0.145
"S000004401",0.985
"S000004402",0
"S000004403",0
"S000004404",0
"S000028572",0.505
"S000004405",0
"S000004406",0
"S000004407",0
"S000004409",0.38
"S000004410",0.125
"S000004411",0
"S000004412",0.23
"S000004413",0
"S000004414",0.005
"S000004415",0.08
"S000004416",0.655
"S000004417",0.83
"S000004418",0
"S000004419",0
"S000004421",0
"S000004422",0.915
"S000004423",0
"S000004424",0
"S000004425",0
"S000004427",0.475
"S000004428",0.03
"S000004429",0.025
"S000004430",0.015
"S000006434",0.8
"S000004431",0.15
"S000004432",0.795
"S000004433",0
"S000004434",0
"S000004435",0.005
"S000004437",0
"S000004438",0
"S000004439",0.91
"S000004440",0.01
"S000004441",0
"S000004442",0
"S000004443",0.11
"S000004444",0
"S000004445",0
"S000004446",0
"S000004447",0.28
"S000004448",0
"S000004449",0.805
"S000004451",0.955
"S000004452",0
"S000004453",0.04
"S000004600",0.005
"S000004599",0.905
"S000004598",0.11
"S000004597",0.105
"S000004596",0.9
"S000004595",0.955
"S000004594",0.985
"S000004593",0.01
"S000004592",0
"S000004590",0.01
"S000004589",0
"S000004588",0
"S000004587",0.005
"S000004585",0
"S000004584",0
"S000004583",0.09
"S000004582",0.68
"S000004581",0.01
"S000004580",0.99
"S000004579",0
"S000004578",0.015
"S000004577",0
"S000004576",0.255
"S000004575",0
"S000004574",0
"S000004573",0.515
"S000004572",0.015
"S000004571",0
"S000004570",0
"S000004568",0.005
"S000028688",0.005
"S000004566",0.005
"S000004565",0
"S000004564",0.705
"S000004563",0.175
"S000004562",0
"S000004560",0.05
"S000004559",0
"S000004558",0.98
"S000004557",0.92
"S000004556",0.2
"S000004553",0
"S000004552",0
"S000004551",0
"S000004550",0.95
"S000004548",0
"S000004547",0.005
"S000007247",0
"S000004546",0
"S000004545",0
"S000004544",0
"S000004543",0
"S000004542",0.955
"S000004541",0.005
"S000004540",0
"S000004539",0
"S000004538",0.05
"S000004537",0
"S000004536",0
"S000004535",0
"S000004534",0.98
"S000004533",0
"S000004532",0
"S000004531",0
"S000004530",0.98
"S000004529",0.945
"S000004528",0.035
"S000004527",0
"S000004526",0
"S000004525",0
"S000004524",0
"S000007472",0.025
"S000004523",0
"S000004521",0
"S000004520",0
"S000004519",0.01
"S000004518",0
"S000028573",0
"S000004517",0
"S000004516",0
"S000004515",0
"S000004514",0
"S000004513",0.99
"S000004511",0.02
"S000004510",0
"S000004509",0.885
"S000004507",0.86
"S000004506",0
"S000004505",0
"S000004502",0
"S000004501",0.01
"S000004500",0
"S000004498",0.31
"S000004497",0
"S000004494",0.01
"S000004493",0.81
"S000004492",0.085
"S000004491",0
"S000004490",0
"S000004489",0
"S000004488",0
"S000004487",0.625
"S000004486",0.22
"S000004485",0.925
"S000004484",0
"S000004483",0
"S000004482",0
"S000004481",0.01
"S000004480",0
"S000004479",0
"S000004478",0
"S000004477",0.885
"S000004476",0
"S000004475",0.19
"S000004473",0
"S000004472",0.005
"S000004470",0.885
"S000004468",0.055
"S000004467",0.035
"S000007621",0.005
"S000004466",0
"S000004465",0
"S000004464",0
"S000004463",0
"S000004462",0.005
"S000004461",0
"S000004460",0.16
"S000004603",0.88
"S000028691",0.27
"S000004604",0
"S000004605",0.01
"S000004606",0
"S000004607",0.955
"S000004608",0
"S000004610",0.01
"S000004611",0
"S000004612",0.2
"S000004613",0
"S000004614",0.015
"S000004615",0.97
"S000004616",0.155
"S000004617",0
"S000004618",0.01
"S000004619",0
"S000004620",0
"S000004621",0
"S000004622",0.085
"S000004623",0.205
"S000004624",0
"S000004625",0
"S000004626",0.275
"S000004627",0
"S000004628",0
"S000004629",0.005
"S000004630",0.995
"S000004631",0
"S000004632",0
"S000004633",0
"S000004635",0.13
"S000028574",0.04
"S000004636",0.8
"S000004637",0
"S000004638",0
"S000004639",0.015
"S000004640",0.175
"S000004641",0.01
"S000004642",0.005
"S000004643",0.005
"S000004644",0
"S000004645",0.005
"S000004646",0.03
"S000004647",0
"S000004650",0.69
"S000004651",0.005
"S000004652",0.99
"S000004656",0.01
"S000004657",0
"S000004658",0
"S000004659",0
"S000004660",0
"S000004662",0.015
"S000004663",0.645
"S000004664",0.02
"S000004665",0.97
"S000004666",0
"S000004667",0
"S000004668",0.645
"S000004669",0
"S000004670",0.505
"S000004671",0
"S000004672",0
"S000004673",0
"S000004674",0
"S000004675",0
"S000004676",0.04
"S000004677",0.01
"S000004678",0
"S000004680",0
"S000004681",0.79
"S000004682",0.335
"S000004683",0.035
"S000004684",0.56
"S000004685",0
"S000004686",0
"S000004688",0
"S000004689",0
"S000004690",0
"S000004692",0.01
"S000004693",0
"S000004694",0
"S000004695",0.03
"S000004696",0
"S000004697",0.835
"S000004698",0
"S000004699",0.98
"S000004700",0.62
"S000004701",0
"S000004702",0
"S000004703",0.135
"S000004704",0.065
"S000004705",0
"S000004706",0
"S000004707",0.005
"S000004708",0
"S000004710",0.025
"S000004711",0.065
"S000028692",0.01
"S000004712",0
"S000004713",0
"S000004714",0.355
"S000004715",0
"S000004716",0
"S000004717",0
"S000004718",0.95
"S000004719",0.56
"S000004720",0
"S000004721",0
"S000004722",0
"S000004723",0.845
"S000004724",0
"S000004725",0
"S000004727",0
"S000004728",0
"S000007524",0.015
"S000004730",0.13
"S000004731",0
"S000004732",0.175
"S000004733",0
"S000004734",0
"S000004735",0.91
"S000004736",0
"S000004737",0
"S000004738",0.945
"S000004739",0.01
"S000004740",0
"S000004741",0.47
"S000004742",0.005
"S000004744",0
"S000004745",0.01
"S000004746",0.01
"S000004747",0
"S000004748",0.125
"S000004750",0.38
"S000004751",0
"S000004752",0
"S000004753",0
"S000004754",0.965
"S000004755",0
"S000004756",0
"S000004757",0.755
"S000004758",0
"S000004760",0
"S000004762",0
"S000004763",0.005
"S000004764",0
"S000004765",0
"S000004766",0.075
"S000004767",0.455
"S000007249",0.485
"S000004769",0.015
"S000004770",0
"S000004771",0
"S000004772",0
"S000004773",0.005
"S000004774",0
"S000004775",0
"S000004776",0
"S000004777",0
"S000004778",0.68
"S000004781",0
"S000004783",0
"S000004784",0
"S000004786",0.01
"S000004787",0.005
"S000028848",0.005
"S000004788",0.01
"S000004789",0.095
"S000004790",0
"S000004791",0.06
"S000004792",0
"S000004793",0
"S000004794",0.03
"S000028693",0.035
"S000004795",0
"S000004796",0.005
"S000004797",0.865
"S000004798",0
"S000004799",0
"S000004800",0.085
"S000004801",0
"S000004802",0.01
"S000004803",0
"S000004804",0
"S000004806",0.615
"S000004807",0
"S000028514",0
"S000004808",0
"S000004809",0.005
"S000004810",0.93
"S000004811",0.46
"S000004812",0
"S000004813",0.92
"S000004814",0
"S000004815",0.285
"S000004816",0.97
"S000004817",0
"S000004818",0.88
"S000004819",0
"S000004820",0.01
"S000004821",0.975
"S000004822",0
"S000004823",0
"S000004824",0.855
"S000004825",0.745
"S000004826",0.935
"S000004827",0
"S000004828",0
"S000004829",0
"S000004830",0.825
"S000004831",0.66
"S000004832",0.005
"S000004833",0.92
"S000004834",0
"S000004835",0.51
"S000004836",0
"S000004837",0.01
"S000004838",0.035
"S000004839",0.01
"S000004840",0.86
"S000004841",0.95
"S000004842",0.905
"S000004843",0.01
"S000028576",0.025
"S000004844",0.53
"S000004845",0
"S000004846",0
"S000004847",0
"S000004848",0.995
"S000004849",0.83
"S000004850",0
"S000004851",0
"S000004852",0.96
"S000004853",0.8
"S000004854",0
"S000004855",0.535
"S000028694",0.165
"S000004856",0
"S000004858",0
"S000004857",0
"S000004860",0
"S000004861",0.025
"S000028849",0.25
"S000004862",0
"S000004863",0
"S000004864",0.095
"S000004865",0.005
"S000004866",0
"S000004868",0.415
"S000004869",0.21
"S000004870",0.35
"S000004871",0.005
"S000004872",0.005
"S000004873",0.965
"S000004874",0
"S000004875",0
"S000004876",0.38
"S000004877",0
"S000004878",0
"S000004879",0
"S000004880",0.085
"S000004881",0.98
"S000004882",0.295
"S000004883",0.855
"S000004884",0
"S000004885",0
"S000028696",0.42
"S000004886",0
"S000004887",0
"S000004888",0.01
"S000004889",0
"S000004890",0.96
"S000004891",0
"S000004892",0.01
"S000004893",0
"S000004894",0.97
"S000004895",0.175
"S000004896",0
"S000004897",0
"S000004898",0
"S000004899",0.19
"S000004900",0.32
"S000004901",0.98
"S000004902",0
"S000004903",0.955
"S000004905",0
"S000004906",0
"S000004907",0.125
"S000004908",0.685
"S000004910",0
"S000004911",0.985
"S000004912",0
"S000004913",0.945
"S000004914",0.345
"S000004915",0
"S000004916",0.77
"S000004917",0
"S000004918",0
"S000004920",0.01
"S000004921",0
"S000004923",0
"S000004924",0.265
"S000004925",0.645
"S000004926",0.865
"S000004927",0
"S000004928",0
"S000004929",0.065
"S000004930",0
"S000004931",0.935
"S000004932",0
"S000028697",0.02
"S000004935",0.005
"S000004933",0.1
"S000004936",0.01
"S000004937",0
"S000004938",0
"S000005275",0.01
"S000005274",0.87
"S000005273",0
"S000005272",0
"S000005271",0.005
"S000005270",0
"S000005269",0
"S000005267",0
"S000005266",0
"S000005265",0
"S000005264",0.005
"S000005262",0
"S000005261",0.68
"S000005260",0
"S000005259",0.275
"S000005258",0
"S000005257",0.91
"S000005256",0.615
"S000005255",0.005
"S000005254",0.485
"S000005253",0.005
"S000005252",0.17
"S000005251",0.32
"S000005250",0.705
"S000005249",0
"S000005248",0
"S000005246",0.26
"S000005245",0
"S000005244",0.025
"S000005243",0
"S000005242",0
"S000005241",0.26
"S000005239",0
"S000005238",0
"S000005237",0
"S000005236",0
"S000005235",0
"S000005234",0.97
"S000005233",0
"S000005232",0
"S000005231",0.945
"S000005230",0
"S000005228",0
"S000005227",0
"S000005226",0.655
"S000005225",0.005
"S000005224",0.965
"S000005223",0
"S000005222",0.03
"S000028852",0.005
"S000005221",0
"S000005219",0.005
"S000005218",0
"S000005217",0.005
"S000005216",0.905
"S000005215",0
"S000005214",0
"S000005213",0
"S000005212",0
"S000005211",0.875
"S000005209",0.005
"S000005208",0
"S000005207",0.885
"S000005206",0.945
"S000005205",0.93
"S000005204",0.575
"S000005203",0.005
"S000005202",0.9
"S000005201",0
"S000005200",0.92
"S000005199",0
"S000005198",0
"S000005197",0
"S000005196",0.63
"S000005195",0.925
"S000005194",0.08
"S000005193",0
"S000005192",0.81
"S000005191",0.99
"S000005190",0
"S000005189",0.86
"S000005188",0.965
"S000005187",0.11
"S000005186",0
"S000005185",0
"S000005184",0.9
"S000005183",0
"S000005182",0.005
"S000005181",0
"S000005180",0.23
"S000005178",0
"S000005177",0.005
"S000005176",0.645
"S000005175",0
"S000005174",0
"S000005173",0.36
"S000005171",0
"S000005169",0.48
"S000005168",0
"S000005167",0
"S000005166",0.53
"S000005165",0.985
"S000005164",0.835
"S000005163",0
"S000005162",0.005
"S000005161",0
"S000005160",0.99
"S000005159",0.005
"S000005158",0.01
"S000005157",0.02
"S000005156",0
"S000005155",0.145
"S000005154",0
"S000005152",0
"S000005151",0.955
"S000005150",0
"S000005148",0
"S000005146",0
"S000005145",0.015
"S000005144",0
"S000005143",0.065
"S000005141",0
"S000005140",0
"S000005139",0
"S000005138",0.005
"S000005137",0
"S000005136",0.195
"S000005135",0.005
"S000005134",0
"S000005133",0.99
"S000005132",0.86
"S000005131",0
"S000005130",0.09
"S000005129",0.955
"S000005128",0.515
"S000005127",0
"S000005126",0.96
"S000005125",0.9
"S000005124",0
"S000005122",0.91
"S000005121",0.56
"S000005120",0
"S000005119",0
"S000005117",0
"S000005116",0.97
"S000005113",0.365
"S000005112",0
"S000005111",0
"S000005110",0
"S000005109",0
"S000005108",0
"S000005107",0.95
"S000007624",0.065
"S000005106",0
"S000005105",0.995
"S000005104",0
"S000005103",0
"S000005102",0.765
"S000005101",0.03
"S000005100",0
"S000005099",0
"S000005098",0
"S000005097",0
"S000005096",0.44
"S000005095",0.935
"S000005093",0.545
"S000005092",0
"S000005091",0
"S000028851",0.04
"S000005090",0.005
"S000005089",0.005
"S000005088",0
"S000005087",0
"S000005086",0
"S000005085",0
"S000005084",0.01
"S000005083",0.69
"S000028509",0.34
"S000005082",0.98
"S000005081",0.34
"S000005080",0.01
"S000005079",0
"S000005078",0
"S000005077",0.515
"S000005076",0.985
"S000005075",0.74
"S000005074",0
"S000028579",0.025
"S000005073",0
"S000005072",0
"S000005071",0
"S000005070",0.955
"S000005069",0
"S000005068",0.85
"S000005067",0
"S000005066",0.1
"S000005065",0.035
"S000005063",0
"S000005062",0.005
"S000005061",0
"S000005060",0
"S000005059",0
"S000005057",0.89
"S000005056",0.845
"S000005055",0.005
"S000005054",0.975
"S000005052",0
"S000005051",0.145
"S000005050",0
"S000005048",0.005
"S000005047",0
"S000005046",0.945
"S000005045",0
"S000005044",0
"S000005043",0
"S000005042",0.45
"S000028699",0.045
"S000005041",0.045
"S000005040",0
"S000005039",0
"S000005038",0
"S000005037",0.01
"S000005036",0
"S000005035",0
"S000005034",0
"S000005032",0.91
"S000005031",0
"S000005030",0.38
"S000005029",0.005
"S000005028",0.33
"S000005027",0
"S000005026",0
"S000005025",0.595
"S000005024",0.875
"S000005023",0.905
"S000005022",0
"S000005021",0
"S000005020",0
"S000005019",0.905
"S000005018",0
"S000005017",0.225
"S000005016",0
"S000005015",0
"S000005014",0.095
"S000005013",0.83
"S000005012",0
"S000028810",0.01
"S000005011",0
"S000005010",0
"S000005009",0
"S000005008",0.26
"S000005007",0
"S000005006",0.915
"S000005005",0.975
"S000005004",0.885
"S000005003",0.005
"S000005001",0
"S000005000",0
"S000004999",0.145
"S000004998",0
"S000004997",0.005
"S000004996",0.01
"S000004995",0
"S000004994",0.035
"S000004993",0.94
"S000004992",0
"S000004991",0
"S000004990",0
"S000004989",0
"S000028850",0
"S000004987",0
"S000004986",0.145
"S000004985",0.005
"S000004984",0.94
"S000004983",0.8
"S000004982",0
"S000004981",0.545
"S000004980",0
"S000004977",0
"S000004976",0.01
"S000004975",0
"S000004974",0
"S000004972",0
"S000004971",0.95
"S000004970",0
"S000028698",0.965
"S000004969",0
"S000004968",0
"S000004967",0
"S000004966",0
"S000004965",0
"S000004961",0
"S000004960",0.02
"S000004959",0
"S000004957",0
"S000004956",0
"S000004955",0
"S000004954",0
"S000004953",0
"S000004952",0.315
"S000004951",0.775
"S000004950",0.1
"S000004949",0
"S000004948",0.035
"S000004947",0.945
"S000004946",0
"S000005284",0
"S000005285",0
"S000005286",0.965
"S000005287",0
"S000005289",0.405
"S000005290",0
"S000005291",0
"S000005292",0
"S000005293",0.175
"S000005294",0.79
"S000005295",0
"S000005296",0
"S000005297",0.005
"S000005298",0
"S000005299",0.94
"S000005300",0.875
"S000005301",0
"S000005302",0
"S000005303",0.005
"S000005304",0.005
"S000005305",0.005
"S000005306",0.61
"S000005307",0
"S000005309",0.885
"S000005310",0
"S000005311",0
"S000005312",0
"S000005313",0
"S000005314",0.025
"S000005315",0
"S000007251",0.155
"S000005316",0
"S000005317",0
"S000007525",0.01
"S000005318",0.99
"S000005319",0.24
"S000005320",0.35
"S000005321",0.965
"S000005322",0
"S000005323",0.08
"S000005324",0
"S000005326",0.985
"S000005327",0
"S000005328",0.005
"S000005329",0.66
"S000005330",0
"S000005331",0
"S000005332",0
"S000005333",0
"S000005334",0.03
"S000005335",0.64
"S000005336",0.985
"S000005337",0.895
"S000005338",0
"S000005339",0
"S000005340",0.005
"S000005341",0
"S000005342",0
"S000005343",0
"S000005344",0.085
"S000005345",0.005
"S000005346",0.015
"S000005347",0
"S000005349",0
"S000005350",0
"S000005351",0
"S000005352",0.01
"S000005353",0.005
"S000005354",0
"S000005355",0.01
"S000005357",0.005
"S000005358",0.035
"S000028706",0.295
"S000028709",0.44
"S000005525",0.055
"S000028580",0.275
"S000005524",0
"S000005523",0.01
"S000005522",0.01
"S000005521",0.05
"S000007627",0.28
"S000005519",0.005
"S000005518",0
"S000005515",0.005
"S000005514",0.01
"S000005512",0
"S000005511",0
"S000005509",0.955
"S000005508",0.42
"S000005507",0.005
"S000005506",0.965
"S000005505",0.77
"S000005504",0.845
"S000005503",0.93
"S000005502",0.86
"S000005501",0
"S000005500",0
"S000005499",0.96
"S000005498",0
"S000005497",0
"S000005496",0
"S000005495",0.93
"S000005493",0.98
"S000005492",0
"S000005491",0.37
"S000005490",0.965
"S000005489",0.095
"S000005488",0
"S000005487",0.85
"S000005486",0
"S000005485",0
"S000005484",0
"S000005483",1
"S000005482",0
"S000005481",0
"S000005480",0.885
"S000005479",0
"S000005477",0
"S000005476",0
"S000005475",0.02
"S000005474",0
"S000005473",0
"S000005472",0.005
"S000005471",0
"S000005470",0
"S000005469",0.045
"S000005468",0.695
"S000005467",0.005
"S000005465",0
"S000005464",0.005
"S000005463",0
"S000005462",0.925
"S000005461",0.005
"S000005460",0
"S000005458",0
"S000028854",0
"S000005457",0.92
"S000005456",0.005
"S000005455",0.005
"S000005454",0.945
"S000005453",0.335
"S000005452",0.005
"S000005451",0
"S000005450",0.005
"S000005449",0
"S000005448",0
"S000005447",0.005
"S000007626",0.005
"S000005446",0.39
"S000005444",0
"S000005443",0
"S000005442",0
"S000005441",0.185
"S000005440",0
"S000005438",0.305
"S000007339",0.01
"S000005437",0.84
"S000005436",0.02
"S000005435",0
"S000005434",0.025
"S000005433",0
"S000005432",0
"S000005431",0.035
"S000005430",0.98
"S000005429",0
"S000005428",0
"S000005427",0.86
"S000005426",0
"S000005425",0.005
"S000005424",0
"S000005423",0
"S000005422",0
"S000005421",0
"S000005420",0
"S000005419",0
"S000005418",0.1
"S000005417",0.005
"S000005416",0
"S000005415",0
"S000005414",0
"S000005413",0.01
"S000005412",0
"S000005411",0.93
"S000005409",0
"S000005408",0
"S000005407",0
"S000005405",0
"S000005404",0
"S000005403",0
"S000005402",0
"S000005401",0
"S000005400",0.83
"S000005399",0.01
"S000028812",0.055
"S000005398",0.84
"S000005396",0
"S000005394",0.785
"S000005393",0.245
"S000005392",0
"S000005391",0
"S000005390",0
"S000005389",0
"S000005388",0.005
"S000005387",0
"S000005386",0.015
"S000005385",0
"S000005384",0.15
"S000005383",0.02
"S000005382",0.78
"S000005381",0.96
"S000005380",0
"S000028707",0.005
"S000005379",0
"S000005378",0.185
"S000005377",0
"S000005376",0.005
"S000005375",0
"S000005374",0.005
"S000028811",0.005
"S000005373",0
"S000005372",0.27
"S000005371",0
"S000005370",0.96
"S000005369",0.145
"S000005368",0.07
"S000005367",0
"S000005366",0
"S000005365",1
"S000005364",0.695
"S000005363",0
"S000005362",0
"S000005361",0
"S000005527",0.005
"S000005528",0
"S000005529",0
"S000005530",0.92
"S000005531",0
"S000005532",0
"S000005533",0
"S000005534",0.825
"S000006431",0
"S000005535",0.035
"S000005536",0.045
"S000005537",0.005
"S000028581",0.085
"S000005538",0.005
"S000005540",0
"S000005542",0
"S000005543",0
"S000005544",0
"S000005545",0
"S000005546",0.99
"S000028526",0.03
"S000005547",0
"S000005548",0
"S000005549",0
"S000005551",0
"S000005552",0
"S000005553",0.005
"S000005554",0.005
"S000005556",0.065
"S000005558",0.005
"S000028710",0.005
"S000005559",0
"S000005560",0
"S000028856",0
"S000005561",0.22
"S000005562",0.75
"S000005563",0
"S000005564",0
"S000005565",0.005
"S000005566",0
"S000005568",0
"S000005569",0.24
"S000005570",0
"S000005571",0.01
"S000005572",0.975
"S000005573",0.025
"S000005574",0.97
"S000005575",0
"S000005577",0
"S000005578",0.005
"S000005580",0
"S000005582",0.96
"S000005583",0.945
"S000005584",0
"S000005585",0
"S000005586",0.21
"S000005587",0.03
"S000005588",0.005
"S000005589",0.985
"S000005590",0
"S000005591",0.07
"S000005592",0
"S000005593",0.11
"S000005595",0.15
"S000005594",0.9
"S000005596",0.065
"S000005597",0
"S000028516",0.01
"S000005599",0.12
"S000005600",0.685
"S000005601",0.975
"S000005602",0
"S000005603",0.88
"S000005604",0
"S000005605",0
"S000005606",0.01
"S000005607",0
"S000005609",0.035
"S000005610",0.06
"S000005611",0.02
"S000005612",0
"S000005613",0
"S000005615",0.91
"S000005616",0
"S000005617",0
"S000005618",0.01
"S000005619",0.015
"S000005620",0.005
"S000005621",0.935
"S000005622",0.18
"S000005623",0
"S000005624",0.08
"S000005625",0
"S000005626",0
"S000005627",0
"S000005629",0.95
"S000005630",0
"S000005631",0.31
"S000005632",0.925
"S000005633",0
"S000005634",0
"S000005635",0.015
"S000005636",0.64
"S000005637",0
"S000005638",0.005
"S000005639",0
"S000005640",0
"S000005641",0.005
"S000005642",0.915
"S000005643",0.985
"S000005644",0
"S000005645",0.99
"S000005646",0
"S000005648",0.73
"S000005649",0
"S000005650",0
"S000005651",0.07
"S000005652",0
"S000005653",0
"S000005654",0
"S000005655",0
"S000005656",0
"S000005657",0.005
"S000005658",0.005
"S000005660",0
"S000005662",0
"S000005663",0
"S000005664",0
"S000005666",0
"S000005667",0.04
"S000005668",0
"S000005669",0.9
"S000005670",0
"S000005671",0.915
"S000005673",0.36
"S000005674",0.745
"S000005675",0.965
"S000005676",0.81
"S000005677",0.94
"S000005678",0.02
"S000005679",0
"S000005680",0
"S000005681",0
"S000005682",0
"S000005683",0.865
"S000005684",0.165
"S000005685",0.94
"S000005686",0.995
"S000005687",0
"S000028712",0
"S000005688",0
"S000005689",0.01
"S000005690",0
"S000005691",0
"S000005692",0
"S000005693",0.075
"S000005694",0.99
"S000005697",0
"S000005698",0
"S000005699",0
"S000005700",0.715
"S000005701",0
"S000005702",0.745
"S000005703",0
"S000005704",0
"S000005705",0
"S000005706",0.305
"S000005707",0.105
"S000005708",0.12
"S000005709",0
"S000005710",0
"S000005711",0
"S000005712",0
"S000005713",0.05
"S000005714",0
"S000005715",0.075
"S000005716",0
"S000005717",0
"S000005718",0.005
"S000005719",0
"S000005720",0.875
"S000005721",0
"S000005722",0
"S000005723",0
"S000005724",0.31
"S000005727",0.005
"S000005728",0
"S000005730",0.87
"S000005731",0
"S000005732",0.98
"S000005733",0.965
"S000005734",0.02
"S000005735",0
"S000005736",0.975
"S000005737",0.8
"S000005738",0
"S000005739",0
"S000005740",0.03
"S000005741",0.025
"S000005742",0
"S000005743",0.8
"S000005745",0.005
"S000005746",0
"S000005747",0.06
"S000005748",0
"S000005749",0
"S000005750",0.99
"S000005752",0
"S000005753",0.025
"S000005754",0
"S000005755",0
"S000005756",0
"S000005757",0
"S000005758",0.955
"S000005759",0
"S000005760",0.005
"S000005762",0.945
"S000005763",0.01
"S000005764",0
"S000005765",0
"S000005767",0.025
"S000005768",0
"S000005769",0
"S000005770",0.995
"S000005771",0
"S000005772",0
"S000005773",0.005
"S000005775",0.88
"S000005776",0.945
"S000005777",0
"S000005778",0.575
"S000005779",0
"S000005780",0.805
"S000005781",0
"S000005782",0.905
"S000005783",0.985
"S000005784",0
"S000005785",0.96
"S000005786",0.91
"S000005787",0.865
"S000005788",0.97
"S000005790",0
"S000005791",0.105
"S000005792",0
"S000005793",0
"S000005794",0.005
"S000005795",0.025
"S000005796",0.005
"S000005797",0
"S000005798",0.995
"S000005799",0
"S000005800",0
"S000005801",0.01
"S000005802",0.005
"S000005804",0.915
"S000005805",0.01
"S000005806",0
"S000005807",0.82
"S000005809",0
"S000005810",0
"S000005811",0
"S000005812",0.125
"S000005813",0.96
"S000005814",0.02
"S000005815",0
"S000005816",0.84
"S000005817",0
"S000005818",0
"S000005819",0
"S000028858",0.005
"S000005820",0.94
"S000005821",0.02
"S000005822",0.015
"S000005823",0.615
"S000005824",0.005
"S000007253",0
"S000005825",0
"S000005827",0
"S000005828",0.15
"S000005829",0
"S000005831",0.01
"S000005830",0.025
"S000005832",0.085
"S000005833",0
"S000005834",0
"S000005835",0.005
"S000005837",0.865
"S000005838",0.165
"S000005839",0.24
"S000005840",0.03
"S000005842",0
"S000005843",0
"S000028584",0.005
"S000005844",0
"S000005846",0.88
"S000005847",0
"S000005848",0
"S000005849",0.33
"S000005850",0.585
"S000005851",0
"S000005853",0.895
"S000005854",0.005
"S000005855",0
"S000005856",0.875
"S000005857",0.015
"S000005859",0.595
"S000005861",0.02
"S000005862",0.9
"S000005863",0.745
"S000005864",0
"S000005865",0
"S000005866",0.005
"S000005867",0.82
"S000005868",0.985
"S000005869",0
"S000005871",0.015
"S000005873",0.015
"S000005874",0.015
"S000005875",0
"S000005876",0
"S000005877",0.245
"S000005878",0
"S000005879",0
"S000005880",0.885
"S000005881",0
"S000005882",0
"S000005883",0
"S000005884",0
"S000005885",0
"S000005886",0.02
"S000005887",0.92
"S000005888",0.98
"S000005889",0.6
"S000005890",0
"S000005892",0
"S000005894",0.015
"S000005895",0
"S000005896",0.295
"S000005897",0.9
"S000005898",0
"S000005899",0.85
"S000005900",0.87
"S000005901",0
"S000005902",0
"S000028586",0.225
"S000005904",0
"S000005905",0
"S000005907",0.005
"S000005908",0.02
"S000028587",0.35
"S000005909",0
"S000005910",0.01
"S000005911",0
"S000005912",0.01
"S000005913",0.055
"S000005914",0.01
"S000006199",0.255
"S000006195",0
"S000006193",0.005
"S000006192",0.445
"S000006191",0
"S000006190",0.01
"S000006189",0.845
"S000006188",0.005
"S000006187",0.87
"S000006186",0
"S000006185",0
"S000006184",0
"S000006183",0
"S000006181",0
"S000006180",0
"S000006179",0
"S000006178",0.005
"S000006177",0
"S000006176",0.87
"S000006175",0.29
"S000006174",0
"S000006173",0.875
"S000006171",0
"S000006438",0.69
"S000006170",0
"S000006169",0
"S000006168",0
"S000006167",0
"S000006166",0
"S000006165",0
"S000006164",0.545
"S000006163",0.85
"S000006162",0
"S000006161",0
"S000006160",0
"S000006158",0.98
"S000006157",0
"S000006156",0.96
"S000006155",0.735
"S000006154",0.82
"S000006153",0.015
"S000006152",0.885
"S000006151",0
"S000006150",0.105
"S000006149",0.975
"S000006148",0
"S000006147",0
"S000006146",0.045
"S000006145",0
"S000006144",0
"S000006143",0
"S000006142",0
"S000006140",0.005
"S000006139",0.94
"S000006138",0.97
"S000006137",0
"S000006136",0.125
"S000006135",0
"S000006134",0.395
"S000006133",0
"S000006132",0.98
"S000006131",0.73
"S000006130",0.84
"S000006129",0
"S000006128",0
"S000006127",0
"S000006125",0.805
"S000006124",0
"S000006123",0
"S000006122",0
"S000006121",0.54
"S000006120",0.045
"S000006117",0
"S000006116",0
"S000006115",0
"S000006114",0.02
"S000006113",0.055
"S000006112",0
"S000006111",0.93
"S000028527",0.06
"S000006110",0.005
"S000006109",0.01
"S000006108",0.005
"S000006107",0
"S000006105",0
"S000007224",0.28
"S000006104",0
"S000006102",0
"S000006101",0
"S000006100",0
"S000006099",0.015
"S000006098",0
"S000006097",0
"S000006096",0.985
"S000006095",0.195
"S000006094",0.725
"S000006093",0
"S000006092",0
"S000006091",0
"S000006090",0.59
"S000006089",0
"S000006088",0
"S000006087",0.045
"S000006086",0
"S000006085",0
"S000006084",0
"S000006083",0
"S000006082",0.015
"S000006081",0.985
"S000006080",0.05
"S000006079",0.01
"S000006078",0
"S000006077",0
"S000006076",0
"S000006075",0
"S000006074",0.43
"S000028721",0.64
"S000006073",0
"S000006072",0.95
"S000006071",0
"S000006070",0
"S000006069",0.055
"S000006068",0
"S000006067",0.85
"S000006066",0.005
"S000006065",0
"S000006064",0.84
"S000006062",0.005
"S000006061",0.04
"S000006060",0.12
"S000006059",0.025
"S000006058",0
"S000006056",0
"S000006055",0
"S000006054",0
"S000006053",0.045
"S000006052",0.88
"S000006051",0
"S000006050",0.285
"S000006049",0.925
"S000006048",0
"S000006047",0.945
"S000006046",0.01
"S000006045",0.68
"S000006044",0
"S000006043",0.865
"S000006042",0.91
"S000006041",0.11
"S000028859",0.085
"S000006040",0
"S000006039",0.41
"S000006038",0.93
"S000006037",0
"S000006036",0.015
"S000006034",0
"S000006033",0
"S000006032",0
"S000006031",0.005
"S000006030",0
"S000006029",0.015
"S000006028",0.005
"S000006027",0.18
"S000006026",0
"S000006025",0.005
"S000006024",0
"S000006022",0
"S000006021",0
"S000006020",0
"S000006019",0.08
"S000006018",0.06
"S000028423",0.72
"S000006017",0
"S000006016",0
"S000006015",1
"S000006014",0.89
"S000006013",0
"S000006012",0
"S000006010",0
"S000006009",0
"S000006008",0
"S000006007",0
"S000006006",0.61
"S000006005",0.235
"S000006004",0.965
"S000006003",0.915
"S000006002",0
"S000006000",0
"S000005999",0.23
"S000005998",0.005
"S000005997",0.855
"S000005996",0.81
"S000005995",0.01
"S000005993",0.065
"S000005992",0
"S000005991",0.015
"S000005990",0.6
"S000005989",0
"S000005988",0.005
"S000005987",0.005
"S000005986",0.455
"S000005985",0
"S000005984",0.935
"S000005982",0
"S000005981",0.035
"S000005980",0.195
"S000005979",0
"S000005978",0.29
"S000005977",0.005
"S000005976",0.015
"S000005975",0
"S000005974",0.01
"S000005973",0
"S000005972",0.07
"S000005971",0.975
"S000005970",0.005
"S000005969",0
"S000005968",0.025
"S000005967",0.005
"S000005966",0.875
"S000005964",0.97
"S000005963",0
"S000005962",0
"S000005961",0.385
"S000005960",0
"S000028588",0.095
"S000005959",0.01
"S000005958",0.005
"S000005957",0
"S000005955",0.115
"S000005954",0.035
"S000005953",0.005
"S000005952",0.305
"S000005951",0
"S000005950",0.08
"S000005949",0.985
"S000005948",0.085
"S000005947",0
"S000005945",0.585
"S000005944",0
"S000005943",0
"S000005942",0.06
"S000005941",0.765
"S000005940",0
"S000005939",0
"S000005938",0
"S000005937",0.665
"S000005936",0
"S000005935",0
"S000005934",0.085
"S000005933",0.925
"S000005932",0.005
"S000005931",0.995
"S000005930",0
"S000005929",0
"S000005928",0.875
"S000005927",0
"S000005926",0.005
"S000005925",0
"S000005924",0
"S000005923",0.28
"S000005922",0
"S000006205",0
"S000006206",0
"S000006207",0
"S000006208",0
"S000006209",0
"S000006210",0
"S000006211",0
"S000006212",0.02
"S000006213",0
"S000006214",0.985
"S000122558",0.015
"S000006215",0
"S000006217",0
"S000006219",0.005
"S000006220",0.985
"S000006221",0.465
"S000006222",0
"S000006223",0.535
"S000006224",0.145
"S000006225",0
"S000006226",0
"S000006227",0
"S000006228",0.015
"S000006229",0.905
"S000006230",0
"S000006231",0.135
"S000006232",0
"S000006233",0
"S000006234",0
"S000006235",0
"S000006236",0.025
"S000006237",0.995
"S000006238",0.815
"S000006239",0.905
"S000006240",0.64
"S000028425",0.025
"S000006241",0
"S000006244",0
"S000006245",0.79
"S000006246",0
"S000006247",0.08
"S000006249",0.04
"S000006250",0.07
"S000006251",0.545
"S000006252",0.94
"S000006253",0
"S000006255",0
"S000006256",0
"S000006258",0
"S000006259",0.775
"S000006260",0.79
"S000006261",0.005
"S000006262",0
"S000006264",0.725
"S000006265",0
"S000006266",0
"S000006267",0.005
"S000006269",0
"S000006270",0
"S000006271",0.42
"S000006272",0
"S000006273",0.015
"S000006274",0.045
"S000006275",0
"S000006276",0.255
"S000006277",0
"S000006278",0
"S000006279",0.005
"S000006282",0.005
"S000006283",0.01
"S000006285",0.04
"S000006286",0.98
"S000006287",0
"S000006288",0.02
"S000006289",0.87
"S000006290",0.96
"S000006292",0.62
"S000006293",0
"S000006295",0
"S000006297",0
"S000006298",0.96
"S000006299",0
"S000006300",0.02
"S000006301",0
"S000006302",0
"S000006304",0.565
"S000006305",0.035
"S000006307",0.89
"S000006308",0.745
"S000006309",0.815
"S000006310",0.005
"S000006311",0.865
"S000006312",0.915
"S000028590",0.015
"S000006313",0.275
"S000006314",0.92
"S000006315",0
"S000006316",0.955
"S000006317",1
"S000006318",0.005
"S000006319",0
"S000006320",0.02
"S000006321",0
"S000006322",0
"S000006323",0.01
"S000006324",0
"S000006325",0.075
"S000006326",0
"S000006328",0.49
"S000006329",0
"S000006331",0
"S000006332",0
"S000006333",0
"S000006335",0.005
"S000006336",0.065
"S000006337",0.515
"S000006433",0.745
"S000006338",0
"S000006339",0
"S000006341",0.875
"S000006342",0
"S000006343",0.255
"S000006344",0.005
"S000006345",0.06
"S000006347",0.835
"S000006348",0.975
"S000006349",0.005
"S000113589",0.005
"S000006351",0
"S000006352",0
"S000006353",0
"S000006355",0
"S000006356",0
"S000006357",0.005
"S000006358",0
"S000006359",0
"S000006361",0.01
"S000006362",0
"S000006363",0.235
"S000028725",0.035
"S000006364",0
"S000006365",0.89
"S000006366",0.97
"S000006367",0.19
"S000006368",0
"S000006369",0.93
"S000006370",0.535
"S000006371",0
"S000006372",0.715
"S000006373",0.96
"S000028515",0.09
"S000006375",0.005
"S000006376",0.005
"S000006377",0.205
"S000006378",0.025
"S000006379",0.795
"S000006380",0.94
"S000006382",0.99
"S000006383",0
"S000006384",0.97
"S000006385",0.9
"S000006386",0.94
"S000006387",0.97
"S000006388",0
"S000006389",0
"S000006390",0.905
"S000006391",0.985
"S000006392",0.07
"S000006393",0
"S000006394",0.99
"S000006395",0.035
"S000006396",0.015
"S000006397",0
"S000006398",0
"S000006400",0
"S000006402",0.005
"S000006403",0
"S000006404",0
"S000006405",0
